Algorithm,Processors,Size(bytes),Avg_Latency(us)
0,2,1,38.41
0,2,2,0.66
0,2,4,0.58
0,2,8,0.65
0,2,16,0.58
0,2,32,2.81
0,2,64,0.56
0,2,128,7.23
0,2,256,23.01
0,2,512,6.92
0,2,1024,6.77
0,2,2048,6.95
0,2,4096,20.15
0,2,8192,38.35
0,2,16384,62.56
0,2,32768,23.82
0,2,65536,16.44
0,2,131072,25.37
0,2,262144,45.99
0,2,524288,90.09
0,2,1048576,163.55
0,4,1,12.17
0,4,2,0.81
0,4,4,0.97
0,4,8,0.95
0,4,16,0.79
0,4,32,0.85
0,4,64,1.24
0,4,128,14.01
0,4,256,35.84
0,4,512,13.21
0,4,1024,25.90
0,4,2048,26.62
0,4,4096,46.36
0,4,8192,57.49
0,4,16384,74.30
0,4,32768,30.89
0,4,65536,45.24
0,4,131072,72.30
0,4,262144,133.93
0,4,524288,263.95
0,4,1048576,565.09
0,8,1,4.64
0,8,2,1.48
0,8,4,4.96
0,8,8,1.95
0,8,16,1.62
0,8,32,2.07
0,8,64,1.59
0,8,128,22.62
0,8,256,22.08
0,8,512,21.90
0,8,1024,31.79
0,8,2048,41.94
0,8,4096,65.48
0,8,8192,100.31
0,8,16384,35.12
0,8,32768,40.80
0,8,65536,67.34
0,8,131072,117.78
0,8,262144,248.68
0,8,524288,488.43
0,8,1048576,978.29
0,12,1,111.54
0,12,2,5.05
0,12,4,9.27
0,12,8,8.33
0,12,16,6.58
0,12,32,4.68
0,12,64,3.75
0,12,128,39.77
0,12,256,55.90
0,12,512,40.16
0,12,1024,37.35
0,12,2048,60.79
0,12,4096,89.41
0,12,8192,136.99
0,12,16384,41.78
0,12,32768,73.85
0,12,65536,99.23
0,12,131072,223.16
0,12,262144,383.51
0,12,524288,748.95
0,12,1048576,1386.70
0,16,1,103.29
0,16,2,2.55
0,16,4,11.58
0,16,8,7.88
0,16,16,1.25
0,16,32,1.16
0,16,64,2.36
0,16,128,36.74
0,16,256,25.90
0,16,512,40.34
0,16,1024,32.99
0,16,2048,77.83
0,16,4096,82.53
0,16,8192,119.60
0,16,16384,46.42
0,16,32768,64.01
0,16,65536,108.56
0,16,131072,198.01
0,16,262144,383.75
0,16,524288,757.30
0,16,1048576,1734.76
0,24,1,117.55
0,24,2,19.65
0,24,4,5.93
0,24,8,6.25
0,24,16,10.88
0,24,32,6.79
0,24,64,865.90
0,24,128,953.67
0,24,256,1512.56
0,24,512,39.24
0,24,1024,59.39
0,24,2048,68.01
0,24,4096,110.06
0,24,8192,129.50
0,24,16384,55.15
0,24,32768,92.85
0,24,65536,145.94
0,24,131072,282.68
0,24,262144,536.68
0,24,524288,1462.98
0,24,1048576,7466.69
0,48,1,10322.50
0,48,2,33.28
0,48,4,5.67
0,48,8,8.34
0,48,16,20.15
0,48,32,8.76
0,48,64,11.41
0,48,128,38.82
0,48,256,34.91
0,48,512,46.48
0,48,1024,50.00
0,48,2048,45.39
0,48,4096,83.71
0,48,8192,128.76
0,48,16384,44.31
0,48,32768,75.13
0,48,65536,118.51
0,48,131072,243.09
0,48,262144,410.74
0,48,524288,773.60
0,48,1048576,1495.00
1,2,1,1417.55
1,2,2,0.52
1,2,4,0.50
1,2,8,0.48
1,2,16,0.59
1,2,32,0.59
1,2,64,0.63
1,2,128,7.20
1,2,256,22.53
1,2,512,6.43
1,2,1024,6.77
1,2,2048,7.18
1,2,4096,31.52
1,2,8192,26.96
1,2,16384,51.92
1,2,32768,24.56
1,2,65536,17.95
1,2,131072,27.01
1,2,262144,45.10
1,2,524288,88.62
1,2,1048576,190.73
1,4,1,1.67
1,4,2,0.63
1,4,4,0.58
1,4,8,0.53
1,4,16,0.55
1,4,32,0.57
1,4,64,0.79
1,4,128,14.98
1,4,256,30.94
1,4,512,14.43
1,4,1024,25.25
1,4,2048,87.26
1,4,4096,49.68
1,4,8192,56.94
1,4,16384,42.47
1,4,32768,30.62
1,4,65536,44.64
1,4,131072,64.69
1,4,262144,115.60
1,4,524288,268.15
1,4,1048576,541.35
1,8,1,2.51
1,8,2,1.93
1,8,4,8.12
1,8,8,1.97
1,8,16,1.26
1,8,32,1.96
1,8,64,2.09
1,8,128,26.33
1,8,256,28.60
1,8,512,32.36
1,8,1024,58.61
1,8,2048,60.01
1,8,4096,78.69
1,8,8192,162.29
1,8,16384,46.21
1,8,32768,40.62
1,8,65536,63.13
1,8,131072,121.66
1,8,262144,240.25
1,8,524288,544.02
1,8,1048576,882.38
1,12,1,167.00
1,12,2,7.08
1,12,4,13.31
1,12,8,5.03
1,12,16,7.07
1,12,32,5.33
1,12,64,5.19
1,12,128,42.09
1,12,256,73.42
1,12,512,86.37
1,12,1024,84.18
1,12,2048,97.34
1,12,4096,123.69
1,12,8192,165.67
1,12,16384,82.97
1,12,32768,51.84
1,12,65536,101.96
1,12,131072,212.03
1,12,262144,384.47
1,12,524288,747.68
1,12,1048576,1479.80
1,16,1,8.06
1,16,2,2.85
1,16,4,26.89
1,16,8,16.68
1,16,16,1.51
1,16,32,1.12
1,16,64,3.54
1,16,128,58.46
1,16,256,65.98
1,16,512,77.02
1,16,1024,57.99
1,16,2048,188.21
1,16,4096,146.60
1,16,8192,204.80
1,16,16384,52.36
1,16,32768,67.72
1,16,65536,155.27
1,16,131072,267.18
1,16,262144,574.46
1,16,524288,1230.80
1,16,1048576,2032.12
1,24,1,124.34
1,24,2,30.30
1,24,4,15.66
1,24,8,6.38
1,24,16,11.86
1,24,32,9.21
1,24,64,19.76
1,24,128,85.51
1,24,256,109.97
1,24,512,85.36
1,24,1024,125.43
1,24,2048,153.12
1,24,4096,234.37
1,24,8192,363.90
1,24,16384,69.73
1,24,32768,111.83
1,24,65536,204.01
1,24,131072,387.99
1,24,262144,797.52
1,24,524288,1569.95
1,24,1048576,2548.80
1,48,1,65.15
1,48,2,12.37
1,48,4,34.11
1,48,8,38.11
1,48,16,20.49
1,48,32,11.39
1,48,64,22.61
1,48,128,132.31
1,48,256,122.51
1,48,512,180.13
1,48,1024,184.43
1,48,2048,392.26
1,48,4096,348.45
1,48,8192,498.14
1,48,16384,53.82
1,48,32768,97.81
1,48,65536,185.77
1,48,131072,351.85
1,48,262144,695.53
1,48,524288,1621.41
1,48,1048576,2637.79
2,2,1,8.47
2,2,2,0.55
2,2,4,0.68
2,2,8,0.54
2,2,16,0.51
2,2,32,0.75
2,2,64,0.68
2,2,128,7.23
2,2,256,22.79
2,2,512,6.75
2,2,1024,7.35
2,2,2048,6.97
2,2,4096,20.19
2,2,8192,27.35
2,2,16384,27.16
2,2,32768,49.86
2,2,65536,16.78
2,2,131072,25.34
2,2,262144,54.07
2,2,524288,87.40
2,2,1048576,166.09
2,4,1,2.74
2,4,2,0.79
2,4,4,0.69
2,4,8,0.61
2,4,16,0.65
2,4,32,6.07
2,4,64,0.90
2,4,128,14.80
2,4,256,20.12
2,4,512,14.58
2,4,1024,15.13
2,4,2048,26.27
2,4,4096,48.30
2,4,8192,73.38
2,4,16384,15.23
2,4,32768,23.44
2,4,65536,41.39
2,4,131072,61.22
2,4,262144,105.19
2,4,524288,220.44
2,4,1048576,444.47
2,8,1,5.24
2,8,2,1.26
2,8,4,6.54
2,8,8,4.62
2,8,16,3.84
2,8,32,1.46
2,8,64,4.04
2,8,128,22.21
2,8,256,21.09
2,8,512,24.05
2,8,1024,35.59
2,8,2048,49.18
2,8,4096,61.79
2,8,8192,86.81
2,8,16384,40.97
2,8,32768,42.89
2,8,65536,65.92
2,8,131072,125.62
2,8,262144,227.91
2,8,524288,420.99
2,8,1048576,924.56
2,12,1,932.52
2,12,2,8.13
2,12,4,8.99
2,12,8,7.02
2,12,16,6.02
2,12,32,5.11
2,12,64,15.84
2,12,128,27.44
2,12,256,59.28
2,12,512,50.79
2,12,1024,58.18
2,12,2048,68.90
2,12,4096,89.06
2,12,8192,113.29
2,12,16384,43.03
2,12,32768,55.14
2,12,65536,90.35
2,12,131072,166.25
2,12,262144,288.33
2,12,524288,552.10
2,12,1048576,1110.15
2,16,1,6.99
2,16,2,2.30
2,16,4,26.19
2,16,8,16.85
2,16,16,2.00
2,16,32,14.45
2,16,64,3.43
2,16,128,36.36
2,16,256,35.02
2,16,512,43.06
2,16,1024,34.23
2,16,2048,79.92
2,16,4096,91.96
2,16,8192,133.83
2,16,16384,57.50
2,16,32768,84.56
2,16,65536,120.17
2,16,131072,217.24
2,16,262144,393.66
2,16,524288,760.51
2,16,1048576,1436.93
2,24,1,138.41
2,24,2,24.81
2,24,4,9.31
2,24,8,6.46
2,24,16,12.26
2,24,32,6.87
2,24,64,786.96
2,24,128,44.52
2,24,256,67.08
2,24,512,46.31
2,24,1024,65.99
2,24,2048,1252.56
2,24,4096,139.51
2,24,8192,174.61
2,24,16384,83.95
2,24,32768,131.30
2,24,65536,164.93
2,24,131072,296.63
2,24,262144,499.61
2,24,524288,941.29
2,24,1048576,1823.80
2,48,1,4258.82
2,48,2,11.98
2,48,4,68.87
2,48,8,19.37
2,48,16,18.82
2,48,32,20.15
2,48,64,9.97
2,48,128,87.50
2,48,256,516.43
2,48,512,92.99
2,48,1024,114.97
2,48,2048,1335.91
2,48,4096,184.97
2,48,8192,1238.25
2,48,16384,109.59
2,48,32768,116.46
2,48,65536,208.84
2,48,131072,321.07
2,48,262144,491.28
2,48,524288,958.08
2,48,1048576,17144.56
5,2,1,336.42
5,2,2,0.62
5,2,4,0.54
5,2,8,0.49
5,2,16,0.60
5,2,32,0.59
5,2,64,0.67
5,2,128,7.37
5,2,256,22.72
5,2,512,6.72
5,2,1024,6.80
5,2,2048,7.26
5,2,4096,20.26
5,2,8192,26.81
5,2,16384,11.57
5,2,32768,47.51
5,2,65536,16.11
5,2,131072,24.73
5,2,262144,42.07
5,2,524288,102.73
5,2,1048576,163.45
5,4,1,2.70
5,4,2,0.90
5,4,4,0.86
5,4,8,0.90
5,4,16,0.80
5,4,32,0.73
5,4,64,0.92
5,4,128,13.96
5,4,256,19.03
5,4,512,16.02
5,4,1024,27.06
5,4,2048,26.68
5,4,4096,53.57
5,4,8192,70.26
5,4,16384,21.66
5,4,32768,26.93
5,4,65536,45.05
5,4,131072,67.97
5,4,262144,130.76
5,4,524288,233.78
5,4,1048576,417.22
5,8,1,3.40
5,8,2,1.68
5,8,4,66.08
5,8,8,1.64
5,8,16,1.41
5,8,32,2.23
5,8,64,1.93
5,8,128,22.05
5,8,256,20.74
5,8,512,20.63
5,8,1024,41.04
5,8,2048,54.04
5,8,4096,63.97
5,8,8192,97.52
5,8,16384,38.54
5,8,32768,45.97
5,8,65536,72.98
5,8,131072,130.97
5,8,262144,237.91
5,8,524288,454.04
5,8,1048576,900.97
5,12,1,1344.97
5,12,2,5.05
5,12,4,9.36
5,12,8,7.34
5,12,16,6.44
5,12,32,5.27
5,12,64,19.50
5,12,128,33.51
5,12,256,84.94
5,12,512,63.51
5,12,1024,55.53
5,12,2048,75.95
5,12,4096,87.56
5,12,8192,124.64
5,12,16384,51.00
5,12,32768,58.39
5,12,65536,92.68
5,12,131072,186.40
5,12,262144,308.21
5,12,524288,566.50
5,12,1048576,1125.65
5,16,1,4.73
5,16,2,2.65
5,16,4,11.10
5,16,8,15.57
5,16,16,2.34
5,16,32,3.48
5,16,64,2.92
5,16,128,36.30
5,16,256,27.29
5,16,512,38.66
5,16,1024,39.32
5,16,2048,75.75
5,16,4096,92.59
5,16,8192,123.19
5,16,16384,52.74
5,16,32768,64.19
5,16,65536,110.54
5,16,131072,193.50
5,16,262144,356.95
5,16,524288,708.05
5,16,1048576,1329.92
5,24,1,1138.59
5,24,2,16.93
5,24,4,7.89
5,24,8,12.34
5,24,16,10.85
5,24,32,7.07
5,24,64,112.09
5,24,128,47.71
5,24,256,53.47
5,24,512,55.31
5,24,1024,52.85
5,24,2048,63.59
5,24,4096,120.36
5,24,8192,152.21
5,24,16384,72.77
5,24,32768,87.15
5,24,65536,138.05
5,24,131072,252.68
5,24,262144,464.83
5,24,524288,873.51
5,24,1048576,1642.42
5,48,1,2789.82
5,48,2,31.34
5,48,4,51.24
5,48,8,18.28
5,48,16,24.42
5,48,32,9.15
5,48,64,11.99
5,48,128,51.80
5,48,256,40.97
5,48,512,65.91
5,48,1024,67.94
5,48,2048,134.13
5,48,4096,127.21
5,48,8192,174.76
5,48,16384,108.18
5,48,32768,130.88
5,48,65536,198.21
5,48,131072,353.86
5,48,262144,652.50
5,48,524288,1288.02
5,48,1048576,2383.41
0,2,1,8.90
0,2,2,0.72
0,2,4,0.55
0,2,8,0.59
0,2,16,0.52
0,2,32,0.74
0,2,64,0.70
0,2,128,7.34
0,2,256,22.48
0,2,512,6.86
0,2,1024,7.08
0,2,2048,7.11
0,2,4096,20.39
0,2,8192,26.87
0,2,16384,84.25
0,2,32768,23.29
0,2,65536,16.86
0,2,131072,25.12
0,2,262144,45.75
0,2,524288,89.29
0,2,1048576,163.44
0,4,1,2.19
0,4,2,0.90
0,4,4,0.77
0,4,8,0.82
0,4,16,1.01
0,4,32,0.82
0,4,64,0.99
0,4,128,13.31
0,4,256,19.62
0,4,512,13.36
0,4,1024,13.43
0,4,2048,26.84
0,4,4096,51.88
0,4,8192,72.13
0,4,16384,83.97
0,4,32768,31.15
0,4,65536,45.68
0,4,131072,65.45
0,4,262144,136.52
0,4,524288,269.53
0,4,1048576,553.40
0,8,1,4.22
0,8,2,2.14
0,8,4,5.81
0,8,8,4.92
0,8,16,1.40
0,8,32,1.89
0,8,64,1.73
0,8,128,19.15
0,8,256,21.21
0,8,512,22.32
0,8,1024,31.75
0,8,2048,38.88
0,8,4096,64.88
0,8,8192,97.85
0,8,16384,35.79
0,8,32768,38.45
0,8,65536,67.75
0,8,131072,122.29
0,8,262144,250.68
0,8,524288,479.37
0,8,1048576,971.32
0,12,1,2007.50
0,12,2,4.81
0,12,4,9.63
0,12,8,7.58
0,12,16,13.91
0,12,32,4.80
0,12,64,3.67
0,12,128,27.64
0,12,256,66.04
0,12,512,33.88
0,12,1024,37.51
0,12,2048,62.61
0,12,4096,103.87
0,12,8192,108.27
0,12,16384,44.29
0,12,32768,60.88
0,12,65536,95.71
0,12,131072,187.81
0,12,262144,367.48
0,12,524288,730.70
0,12,1048576,1469.94
0,16,1,2.79
0,16,2,2.33
0,16,4,17.70
0,16,8,8.03
0,16,16,2.59
0,16,32,1.23
0,16,64,2.30
0,16,128,40.98
0,16,256,25.83
0,16,512,37.80
0,16,1024,32.92
0,16,2048,77.68
0,16,4096,82.77
0,16,8192,111.05
0,16,16384,45.72
0,16,32768,63.48
0,16,65536,108.82
0,16,131072,198.82
0,16,262144,375.08
0,16,524288,729.38
0,16,1048576,1790.74
0,24,1,524.78
0,24,2,8.02
0,24,4,6.73
0,24,8,6.13
0,24,16,10.11
0,24,32,6.64
0,24,64,32.19
0,24,128,56.17
0,24,256,807.67
0,24,512,40.90
0,24,1024,55.90
0,24,2048,68.28
0,24,4096,106.26
0,24,8192,129.69
0,24,16384,233.64
0,24,32768,90.55
0,24,65536,158.53
0,24,131072,286.01
0,24,262144,539.76
0,24,524288,1039.89
0,24,1048576,3352.42
0,48,1,136.77
0,48,2,22.67
0,48,4,5.75
0,48,8,12.87
0,48,16,34.86
0,48,32,7.52
0,48,64,11.10
0,48,128,40.93
0,48,256,34.88
0,48,512,46.79
0,48,1024,49.31
0,48,2048,84.52
0,48,4096,84.08
0,48,8192,110.95
0,48,16384,46.27
0,48,32768,67.67
0,48,65536,130.20
0,48,131072,224.59
0,48,262144,404.19
0,48,524288,805.13
0,48,1048576,1513.38
1,2,1,34.42
1,2,2,0.55
1,2,4,2.52
1,2,8,0.48
1,2,16,0.47
1,2,32,0.59
1,2,64,0.52
1,2,128,6.98
1,2,256,22.95
1,2,512,6.80
1,2,1024,7.14
1,2,2048,7.23
1,2,4096,28.26
1,2,8192,38.32
1,2,16384,58.98
1,2,32768,23.66
1,2,65536,18.66
1,2,131072,27.75
1,2,262144,45.35
1,2,524288,90.62
1,2,1048576,169.05
1,4,1,1.54
1,4,2,0.79
1,4,4,0.62
1,4,8,0.55
1,4,16,0.52
1,4,32,0.69
1,4,64,0.74
1,4,128,15.12
1,4,256,22.55
1,4,512,14.46
1,4,1024,19.56
1,4,2048,25.89
1,4,4096,44.66
1,4,8192,57.43
1,4,16384,91.51
1,4,32768,30.82
1,4,65536,45.19
1,4,131072,65.91
1,4,262144,135.67
1,4,524288,268.76
1,4,1048576,531.36
1,8,1,2.87
1,8,2,1.57
1,8,4,8.46
1,8,8,1.70
1,8,16,1.26
1,8,32,1.89
1,8,64,2.04
1,8,128,25.54
1,8,256,28.47
1,8,512,30.75
1,8,1024,58.04
1,8,2048,62.04
1,8,4096,78.10
1,8,8192,114.45
1,8,16384,32.46
1,8,32768,40.15
1,8,65536,68.29
1,8,131072,122.07
1,8,262144,243.62
1,8,524288,492.16
1,8,1048576,860.97
1,12,1,889.87
1,12,2,4.84
1,12,4,14.21
1,12,8,4.76
1,12,16,7.10
1,12,32,5.62
1,12,64,4.85
1,12,128,44.71
1,12,256,88.44
1,12,512,83.66
1,12,1024,69.82
1,12,2048,120.33
1,12,4096,122.69
1,12,8192,168.07
1,12,16384,44.75
1,12,32768,52.80
1,12,65536,97.19
1,12,131072,193.43
1,12,262144,431.63
1,12,524288,756.52
1,12,1048576,1427.72
1,16,1,2.98
1,16,2,2.90
1,16,4,22.16
1,16,8,17.49
1,16,16,2.90
1,16,32,1.28
1,16,64,2.95
1,16,128,62.53
1,16,256,49.29
1,16,512,76.50
1,16,1024,56.86
1,16,2048,124.20
1,16,4096,164.17
1,16,8192,204.84
1,16,16384,54.81
1,16,32768,73.55
1,16,65536,152.75
1,16,131072,264.84
1,16,262144,571.78
1,16,524288,1076.97
1,16,1048576,1990.08
1,24,1,117.82
1,24,2,35.57
1,24,4,10.38
1,24,8,5154.20
1,24,16,11.54
1,24,32,8.84
1,24,64,32.64
1,24,128,84.12
1,24,256,108.70
1,24,512,90.64
1,24,1024,111.06
1,24,2048,323.86
1,24,4096,230.51
1,24,8192,340.44
1,24,16384,66.68
1,24,32768,114.35
1,24,65536,209.84
1,24,131072,401.41
1,24,262144,893.46
1,24,524288,2122.58
1,24,1048576,3062.16
1,48,1,63.05
1,48,2,40.06
1,48,4,164.97
1,48,8,122.86
1,48,16,94.21
1,48,32,116.43
1,48,64,20.45
1,48,128,120.17
1,48,256,120.10
1,48,512,178.80
1,48,1024,182.40
1,48,2048,474.31
1,48,4096,348.61
1,48,8192,497.13
1,48,16384,99.02
1,48,32768,182.45
1,48,65536,328.00
1,48,131072,324.67
1,48,262144,617.49
1,48,524288,1396.47
1,48,1048576,2525.06
2,2,1,681.38
2,2,2,0.82
2,2,4,0.71
2,2,8,0.64
2,2,16,0.64
2,2,32,0.77
2,2,64,0.71
2,2,128,6.55
2,2,256,22.54
2,2,512,6.47
2,2,1024,6.75
2,2,2048,7.20
2,2,4096,30.80
2,2,8192,26.76
2,2,16384,11.74
2,2,32768,41.49
2,2,65536,16.17
2,2,131072,25.22
2,2,262144,42.65
2,2,524288,79.03
2,2,1048576,164.58
2,4,1,2.93
2,4,2,0.65
2,4,4,0.67
2,4,8,0.60
2,4,16,0.68
2,4,32,0.65
2,4,64,0.82
2,4,128,14.87
2,4,256,30.99
2,4,512,14.18
2,4,1024,25.47
2,4,2048,26.53
2,4,4096,47.25
2,4,8192,62.88
2,4,16384,13.48
2,4,32768,23.45
2,4,65536,43.37
2,4,131072,59.59
2,4,262144,110.15
2,4,524288,221.16
2,4,1048576,446.52
2,8,1,7.38
2,8,2,1.58
2,8,4,13.73
2,8,8,4.27
2,8,16,3.86
2,8,32,1.71
2,8,64,3.97
2,8,128,20.34
2,8,256,21.29
2,8,512,24.17
2,8,1024,35.47
2,8,2048,49.85
2,8,4096,62.99
2,8,8192,88.24
2,8,16384,46.55
2,8,32768,39.22
2,8,65536,66.89
2,8,131072,126.35
2,8,262144,224.54
2,8,524288,434.81
2,8,1048576,868.49
2,12,1,114.79
2,12,2,5.64
2,12,4,9.29
2,12,8,6.59
2,12,16,7.76
2,12,32,5.28
2,12,64,6.61
2,12,128,26.77
2,12,256,93.07
2,12,512,51.70
2,12,1024,45.16
2,12,2048,67.33
2,12,4096,180.91
2,12,8192,107.96
2,12,16384,44.34
2,12,32768,54.11
2,12,65536,93.24
2,12,131072,159.85
2,12,262144,298.82
2,12,524288,546.21
2,12,1048576,1093.80
2,16,1,6.35
2,16,2,1.99
2,16,4,17.87
2,16,8,16.68
2,16,16,53.57
2,16,32,17.16
2,16,64,3.73
2,16,128,37.85
2,16,256,41.10
2,16,512,43.53
2,16,1024,34.60
2,16,2048,79.14
2,16,4096,103.11
2,16,8192,188.15
2,16,16384,60.14
2,16,32768,74.66
2,16,65536,117.57
2,16,131072,218.86
2,16,262144,386.33
2,16,524288,760.41
2,16,1048576,1469.62
2,24,1,118.35
2,24,2,24.17
2,24,4,60.24
2,24,8,12.51
2,24,16,357.23
2,24,32,6.96
2,24,64,113.95
2,24,128,45.94
2,24,256,58.33
2,24,512,55.41
2,24,1024,62.47
2,24,2048,90.42
2,24,4096,145.95
2,24,8192,238.88
2,24,16384,646.93
2,24,32768,110.50
2,24,65536,163.99
2,24,131072,295.30
2,24,262144,479.99
2,24,524288,930.70
2,24,1048576,1849.73
2,48,1,3076.38
2,48,2,12.62
2,48,4,21.59
2,48,8,26.52
2,48,16,14.64
2,48,32,9.64
2,48,64,11.23
2,48,128,48.96
2,48,256,48.21
2,48,512,63.41
2,48,1024,72.42
2,48,2048,149.65
2,48,4096,144.10
2,48,8192,1173.51
2,48,16384,1902.24
2,48,32768,121.53
2,48,65536,167.15
2,48,131072,279.67
2,48,262144,501.21
2,48,524288,1057.53
2,48,1048576,1874.20
5,2,1,1390.31
5,2,2,0.63
5,2,4,0.62
5,2,8,0.56
5,2,16,0.62
5,2,32,0.70
5,2,64,0.74
5,2,128,6.70
5,2,256,64.02
5,2,512,7.05
5,2,1024,6.75
5,2,2048,7.12
5,2,4096,31.66
5,2,8192,26.89
5,2,16384,11.92
5,2,32768,39.54
5,2,65536,16.22
5,2,131072,25.14
5,2,262144,42.70
5,2,524288,79.77
5,2,1048576,163.04
5,4,1,5.32
5,4,2,0.84
5,4,4,1.17
5,4,8,0.81
5,4,16,0.90
5,4,32,4.58
5,4,64,0.88
5,4,128,13.42
5,4,256,13.28
5,4,512,13.39
5,4,1024,13.38
5,4,2048,26.84
5,4,4096,46.34
5,4,8192,62.04
5,4,16384,22.09
5,4,32768,28.28
5,4,65536,47.36
5,4,131072,67.21
5,4,262144,116.28
5,4,524288,230.34
5,4,1048576,419.54
5,8,1,7.55
5,8,2,2.01
5,8,4,5.72
5,8,8,1.74
5,8,16,1.45
5,8,32,2.57
5,8,64,1.77
5,8,128,22.30
5,8,256,21.12
5,8,512,20.83
5,8,1024,39.69
5,8,2048,52.92
5,8,4096,63.56
5,8,8192,93.02
5,8,16384,39.64
5,8,32768,43.71
5,8,65536,73.86
5,8,131072,170.04
5,8,262144,236.96
5,8,524288,457.55
5,8,1048576,904.97
5,12,1,1630.00
5,12,2,5.51
5,12,4,9.89
5,12,8,7.66
5,12,16,6.19
5,12,32,4.83
5,12,64,8.40
5,12,128,33.78
5,12,256,70.41
5,12,512,64.23
5,12,1024,54.70
5,12,2048,74.17
5,12,4096,88.50
5,12,8192,107.50
5,12,16384,46.71
5,12,32768,55.93
5,12,65536,93.59
5,12,131072,155.72
5,12,262144,298.36
5,12,524288,561.58
5,12,1048576,1131.48
5,16,1,5.47
5,16,2,3.29
5,16,4,10.81
5,16,8,16.31
5,16,16,15.99
5,16,32,3.74
5,16,64,2.89
5,16,128,36.09
5,16,256,26.01
5,16,512,51.51
5,16,1024,35.79
5,16,2048,75.11
5,16,4096,103.07
5,16,8192,121.56
5,16,16384,53.26
5,16,32768,67.05
5,16,65536,128.81
5,16,131072,193.39
5,16,262144,367.11
5,16,524288,707.53
5,16,1048576,1330.07
5,24,1,113.16
5,24,2,83.75
5,24,4,6.39
5,24,8,29.29
5,24,16,9.06
5,24,32,6.95
5,24,64,216.20
5,24,128,47.67
5,24,256,52.91
5,24,512,40.88
5,24,1024,52.56
5,24,2048,62.80
5,24,4096,119.04
5,24,8192,152.21
5,24,16384,69.38
5,24,32768,84.67
5,24,65536,139.38
5,24,131072,245.45
5,24,262144,471.86
5,24,524288,876.06
5,24,1048576,1650.75
5,48,1,3123.20
5,48,2,270.02
5,48,4,239.10
5,48,8,22.40
5,48,16,394.20
5,48,32,475.39
5,48,64,53.56
5,48,128,59.73
5,48,256,44.23
5,48,512,117.30
5,48,1024,90.65
5,48,2048,133.76
5,48,4096,127.95
5,48,8192,174.58
5,48,16384,93.98
5,48,32768,128.90
5,48,65536,194.28
5,48,131072,340.67
5,48,262144,620.80
5,48,524288,1262.52
5,48,1048576,2392.24
0,2,1,34.77
0,2,2,0.56
0,2,4,0.64
0,2,8,0.55
0,2,16,0.62
0,2,32,0.75
0,2,64,0.71
0,2,128,7.27
0,2,256,23.44
0,2,512,6.89
0,2,1024,7.04
0,2,2048,7.43
0,2,4096,20.91
0,2,8192,38.26
0,2,16384,59.78
0,2,32768,23.86
0,2,65536,16.91
0,2,131072,25.99
0,2,262144,59.25
0,2,524288,89.66
0,2,1048576,166.74
0,4,1,2.77
0,4,2,0.91
0,4,4,0.89
0,4,8,0.83
0,4,16,0.93
0,4,32,0.82
0,4,64,1.17
0,4,128,13.54
0,4,256,19.72
0,4,512,13.51
0,4,1024,29.45
0,4,2048,26.72
0,4,4096,51.55
0,4,8192,61.93
0,4,16384,85.57
0,4,32768,30.14
0,4,65536,45.46
0,4,131072,64.83
0,4,262144,134.18
0,4,524288,267.27
0,4,1048576,566.36
0,8,1,2.60
0,8,2,1.62
0,8,4,5.25
0,8,8,4.92
0,8,16,1.77
0,8,32,1.76
0,8,64,2.00
0,8,128,24.19
0,8,256,22.02
0,8,512,22.34
0,8,1024,31.73
0,8,2048,38.69
0,8,4096,64.96
0,8,8192,96.41
0,8,16384,37.61
0,8,32768,36.29
0,8,65536,65.68
0,8,131072,119.75
0,8,262144,252.16
0,8,524288,492.18
0,8,1048576,984.51
0,12,1,162.43
0,12,2,5.42
0,12,4,9.31
0,12,8,9.07
0,12,16,6.53
0,12,32,4.49
0,12,64,3.56
0,12,128,14.30
0,12,256,120.12
0,12,512,39.30
0,12,1024,36.85
0,12,2048,56.72
0,12,4096,89.43
0,12,8192,107.76
0,12,16384,47.56
0,12,32768,69.04
0,12,65536,102.54
0,12,131072,189.17
0,12,262144,392.89
0,12,524288,735.47
0,12,1048576,1407.17
0,16,1,7.40
0,16,2,2.86
0,16,4,15.54
0,16,8,7.79
0,16,16,2.47
0,16,32,1.08
0,16,64,2.17
0,16,128,56.74
0,16,256,23.96
0,16,512,43.30
0,16,1024,32.94
0,16,2048,77.50
0,16,4096,83.69
0,16,8192,117.36
0,16,16384,45.59
0,16,32768,62.54
0,16,65536,109.34
0,16,131072,196.90
0,16,262144,384.11
0,16,524288,746.38
0,16,1048576,1761.50
0,24,1,114.23
0,24,2,11.47
0,24,4,13.83
0,24,8,6.02
0,24,16,11.33
0,24,32,5.97
0,24,64,33.96
0,24,128,50.29
0,24,256,77.91
0,24,512,37.33
0,24,1024,57.52
0,24,2048,68.30
0,24,4096,120.90
0,24,8192,129.03
0,24,16384,54.21
0,24,32768,86.51
0,24,65536,163.73
0,24,131072,298.10
0,24,262144,555.62
0,24,524288,1068.12
0,24,1048576,2641.17
0,48,1,307.75
0,48,2,31.98
0,48,4,6.86
0,48,8,8.69
0,48,16,18.89
0,48,32,8.02
0,48,64,38.91
0,48,128,639.70
0,48,256,30.72
0,48,512,42.39
0,48,1024,58.53
0,48,2048,86.57
0,48,4096,84.89
0,48,8192,110.35
0,48,16384,57.71
0,48,32768,69.62
0,48,65536,114.85
0,48,131072,217.73
0,48,262144,384.44
0,48,524288,776.57
0,48,1048576,1603.71
1,2,1,1611.13
1,2,2,0.69
1,2,4,0.49
1,2,8,0.49
1,2,16,0.45
1,2,32,0.49
1,2,64,0.58
1,2,128,7.15
1,2,256,22.26
1,2,512,6.43
1,2,1024,6.65
1,2,2048,7.09
1,2,4096,33.40
1,2,8192,26.94
1,2,16384,61.49
1,2,32768,23.52
1,2,65536,18.00
1,2,131072,27.70
1,2,262144,45.24
1,2,524288,88.89
1,2,1048576,164.36
1,4,1,2.14
1,4,2,0.62
1,4,4,0.65
1,4,8,0.69
1,4,16,0.54
1,4,32,1.03
1,4,64,0.74
1,4,128,14.22
1,4,256,20.28
1,4,512,14.13
1,4,1024,24.75
1,4,2048,26.25
1,4,4096,43.36
1,4,8192,56.63
1,4,16384,66.18
1,4,32768,30.38
1,4,65536,45.73
1,4,131072,65.12
1,4,262144,133.74
1,4,524288,270.04
1,4,1048576,549.67
1,8,1,2.63
1,8,2,1.63
1,8,4,29.68
1,8,8,2.08
1,8,16,1.34
1,8,32,1.94
1,8,64,2.15
1,8,128,24.64
1,8,256,28.22
1,8,512,30.64
1,8,1024,46.82
1,8,2048,60.34
1,8,4096,87.94
1,8,8192,111.80
1,8,16384,41.03
1,8,32768,39.72
1,8,65536,63.97
1,8,131072,124.72
1,8,262144,259.94
1,8,524288,542.68
1,8,1048576,996.54
1,12,1,112.83
1,12,2,4.65
1,12,4,13.97
1,12,8,4.56
1,12,16,6.91
1,12,32,4.89
1,12,64,4.79
1,12,128,42.05
1,12,256,84.86
1,12,512,92.75
1,12,1024,71.39
1,12,2048,108.65
1,12,4096,813.97
1,12,8192,156.02
1,12,16384,41.56
1,12,32768,48.21
1,12,65536,98.20
1,12,131072,2178.69
1,12,262144,360.28
1,12,524288,861.81
1,12,1048576,1342.79
1,16,1,2.71
1,16,2,3.04
1,16,4,22.60
1,16,8,16.74
1,16,16,2.46
1,16,32,1.36
1,16,64,3.40
1,16,128,65.06
1,16,256,50.28
1,16,512,77.14
1,16,1024,58.47
1,16,2048,116.77
1,16,4096,145.43
1,16,8192,214.78
1,16,16384,52.81
1,16,32768,69.35
1,16,65536,143.08
1,16,131072,292.98
1,16,262144,564.77
1,16,524288,1073.49
1,16,1048576,1855.35
1,24,1,120.84
1,24,2,24.46
1,24,4,11.33
1,24,8,12.06
1,24,16,11.73
1,24,32,4.05
1,24,64,18.81
1,24,128,86.53
1,24,256,115.70
1,24,512,87.67
1,24,1024,122.43
1,24,2048,164.40
1,24,4096,240.81
1,24,8192,319.09
1,24,16384,70.20
1,24,32768,113.64
1,24,65536,216.44
1,24,131072,403.79
1,24,262144,790.75
1,24,524288,1605.09
1,24,1048576,2670.21
1,48,1,67.18
1,48,2,22.23
1,48,4,33.49
1,48,8,34.67
1,48,16,20.46
1,48,32,11.27
1,48,64,21.89
1,48,128,220.98
1,48,256,137.95
1,48,512,179.77
1,48,1024,181.69
1,48,2048,374.92
1,48,4096,342.17
1,48,8192,505.56
1,48,16384,48.36
1,48,32768,103.69
1,48,65536,184.58
1,48,131072,338.47
1,48,262144,689.16
1,48,524288,1346.86
1,48,1048576,2565.23
2,2,1,1547.93
2,2,2,0.61
2,2,4,0.53
2,2,8,0.60
2,2,16,0.54
2,2,32,0.51
2,2,64,0.56
2,2,128,7.04
2,2,256,23.06
2,2,512,6.83
2,2,1024,6.79
2,2,2048,7.19
2,2,4096,20.39
2,2,8192,27.07
2,2,16384,11.96
2,2,32768,48.95
2,2,65536,16.57
2,2,131072,25.23
2,2,262144,42.50
2,2,524288,88.36
2,2,1048576,166.02
2,4,1,1.92
2,4,2,0.77
2,4,4,0.65
2,4,8,0.58
2,4,16,0.62
2,4,32,0.56
2,4,64,0.76
2,4,128,15.18
2,4,256,22.74
2,4,512,14.13
2,4,1024,14.63
2,4,2048,26.30
2,4,4096,44.97
2,4,8192,57.13
2,4,16384,15.56
2,4,32768,21.90
2,4,65536,41.60
2,4,131072,55.37
2,4,262144,110.15
2,4,524288,231.26
2,4,1048576,426.95
2,8,1,2.50
2,8,2,1.71
2,8,4,8.79
2,8,8,3.17
2,8,16,4.07
2,8,32,1.86
2,8,64,3.32
2,8,128,23.31
2,8,256,21.66
2,8,512,23.88
2,8,1024,36.00
2,8,2048,48.56
2,8,4096,63.41
2,8,8192,87.21
2,8,16384,52.19
2,8,32768,40.53
2,8,65536,67.09
2,8,131072,126.92
2,8,262144,227.26
2,8,524288,436.48
2,8,1048576,879.01
2,12,1,873.90
2,12,2,6.56
2,12,4,11.83
2,12,8,6.97
2,12,16,6.14
2,12,32,4.92
2,12,64,6.26
2,12,128,27.58
2,12,256,58.39
2,12,512,52.42
2,12,1024,43.83
2,12,2048,66.13
2,12,4096,88.87
2,12,8192,119.78
2,12,16384,44.67
2,12,32768,66.68
2,12,65536,94.52
2,12,131072,160.08
2,12,262144,302.69
2,12,524288,543.79
2,12,1048576,1124.54
2,16,1,7.15
2,16,2,2.37
2,16,4,18.40
2,16,8,18.49
2,16,16,2.07
2,16,32,19.77
2,16,64,4.19
2,16,128,35.98
2,16,256,30.06
2,16,512,43.77
2,16,1024,34.57
2,16,2048,84.44
2,16,4096,94.80
2,16,8192,119.39
2,16,16384,60.41
2,16,32768,90.23
2,16,65536,119.71
2,16,131072,216.74
2,16,262144,389.18
2,16,524288,771.81
2,16,1048576,1460.07
2,24,1,120.82
2,24,2,18.21
2,24,4,8.12
2,24,8,7.18
2,24,16,13.12
2,24,32,6.90
2,24,64,472.08
2,24,128,45.13
2,24,256,74.97
2,24,512,43.65
2,24,1024,62.89
2,24,2048,93.97
2,24,4096,139.01
2,24,8192,182.47
2,24,16384,470.07
2,24,32768,99.41
2,24,65536,153.74
2,24,131072,273.33
2,24,262144,485.65
2,24,524288,1033.60
2,24,1048576,2235.30
2,48,1,2914.36
2,48,2,27.54
2,48,4,22.17
2,48,8,17.33
2,48,16,15.37
2,48,32,10.04
2,48,64,10.86
2,48,128,51.06
2,48,256,46.30
2,48,512,67.42
2,48,1024,78.38
2,48,2048,147.68
2,48,4096,145.21
2,48,8192,195.97
2,48,16384,100.59
2,48,32768,111.16
2,48,65536,170.42
2,48,131072,281.89
2,48,262144,497.13
2,48,524288,952.83
2,48,1048576,1894.34
5,2,1,1485.64
5,2,2,0.72
5,2,4,0.53
5,2,8,0.79
5,2,16,0.58
5,2,32,0.61
5,2,64,0.63
5,2,128,6.71
5,2,256,23.47
5,2,512,6.63
5,2,1024,6.71
5,2,2048,7.02
5,2,4096,31.04
5,2,8192,27.12
5,2,16384,11.92
5,2,32768,41.19
5,2,65536,16.77
5,2,131072,24.73
5,2,262144,42.61
5,2,524288,90.27
5,2,1048576,164.09
5,4,1,1.96
5,4,2,0.83
5,4,4,0.84
5,4,8,0.83
5,4,16,0.95
5,4,32,4.92
5,4,64,0.88
5,4,128,13.26
5,4,256,20.94
5,4,512,13.07
5,4,1024,20.70
5,4,2048,26.60
5,4,4096,43.16
5,4,8192,55.30
5,4,16384,23.63
5,4,32768,40.39
5,4,65536,48.90
5,4,131072,81.87
5,4,262144,123.37
5,4,524288,231.75
5,4,1048576,413.71
5,8,1,5.49
5,8,2,1.83
5,8,4,23.32
5,8,8,1.62
5,8,16,1.47
5,8,32,1.89
5,8,64,2.21
5,8,128,22.00
5,8,256,21.61
5,8,512,21.27
5,8,1024,40.33
5,8,2048,53.02
5,8,4096,71.80
5,8,8192,98.16
5,8,16384,50.11
5,8,32768,44.24
5,8,65536,75.27
5,8,131072,130.60
5,8,262144,231.41
5,8,524288,453.07
5,8,1048576,898.68
5,12,1,902.70
5,12,2,5.59
5,12,4,9.52
5,12,8,8.28
5,12,16,6.40
5,12,32,5.01
5,12,64,7.95
5,12,128,33.75
5,12,256,69.47
5,12,512,63.75
5,12,1024,54.87
5,12,2048,76.35
5,12,4096,87.69
5,12,8192,141.34
5,12,16384,49.91
5,12,32768,59.90
5,12,65536,92.23
5,12,131072,164.28
5,12,262144,297.16
5,12,524288,563.58
5,12,1048576,1123.08
5,16,1,5.12
5,16,2,3.01
5,16,4,21.05
5,16,8,15.14
5,16,16,1.96
5,16,32,3.40
5,16,64,2.92
5,16,128,37.64
5,16,256,26.19
5,16,512,37.41
5,16,1024,34.38
5,16,2048,75.55
5,16,4096,90.94
5,16,8192,123.40
5,16,16384,52.00
5,16,32768,66.27
5,16,65536,108.90
5,16,131072,202.82
5,16,262144,368.27
5,16,524288,701.08
5,16,1048576,1339.06
5,24,1,117.36
5,24,2,13.21
5,24,4,7.31
5,24,8,11.53
5,24,16,11.84
5,24,32,6.59
5,24,64,122.84
5,24,128,46.89
5,24,256,67.06
5,24,512,39.49
5,24,1024,53.85
5,24,2048,63.66
5,24,4096,118.79
5,24,8192,154.04
5,24,16384,67.49
5,24,32768,90.99
5,24,65536,138.69
5,24,131072,242.87
5,24,262144,470.71
5,24,524288,875.11
5,24,1048576,1661.95
5,48,1,2900.05
5,48,2,55.10
5,48,4,13.44
5,48,8,4564.54
5,48,16,43.28
5,48,32,10.29
5,48,64,14.04
5,48,128,48.58
5,48,256,39.20
5,48,512,66.09
5,48,1024,70.65
5,48,2048,144.03
5,48,4096,139.44
5,48,8192,181.83
5,48,16384,93.28
5,48,32768,123.16
5,48,65536,177.82
5,48,131072,354.06
5,48,262144,628.99
5,48,524288,1230.24
5,48,1048576,2397.44
0,2,1,504.86
0,2,2,0.66
0,2,4,0.58
0,2,8,0.58
0,2,16,0.64
0,2,32,1.07
0,2,64,0.69
0,2,128,6.75
0,2,256,22.60
0,2,512,6.72
0,2,1024,7.24
0,2,2048,7.30
0,2,4096,31.29
0,2,8192,27.04
0,2,16384,58.47
0,2,32768,15.64
0,2,65536,16.64
0,2,131072,25.44
0,2,262144,46.23
0,2,524288,82.66
0,2,1048576,166.39
0,4,1,2.14
0,4,2,0.83
0,4,4,0.78
0,4,8,0.71
0,4,16,0.77
0,4,32,5.03
0,4,64,4.31
0,4,128,13.43
0,4,256,21.05
0,4,512,13.06
0,4,1024,20.21
0,4,2048,26.28
0,4,4096,52.75
0,4,8192,56.72
0,4,16384,43.10
0,4,32768,30.69
0,4,65536,45.46
0,4,131072,64.15
0,4,262144,145.55
0,4,524288,279.48
0,4,1048576,559.89
0,8,1,2.97
0,8,2,1.99
0,8,4,5.57
0,8,8,3.91
0,8,16,1.51
0,8,32,2.12
0,8,64,1.51
0,8,128,31.35
0,8,256,20.91
0,8,512,22.28
0,8,1024,32.01
0,8,2048,41.92
0,8,4096,65.30
0,8,8192,109.26
0,8,16384,36.21
0,8,32768,36.59
0,8,65536,62.54
0,8,131072,94.94
0,8,262144,231.89
0,8,524288,560.31
0,8,1048576,856.07
0,12,1,385.01
0,12,2,4.63
0,12,4,9.78
0,12,8,8.22
0,12,16,6.26
0,12,32,4.98
0,12,64,3.90
0,12,128,29.16
0,12,256,56.40
0,12,512,38.79
0,12,1024,37.74
0,12,2048,61.42
0,12,4096,87.94
0,12,8192,108.78
0,12,16384,48.48
0,12,32768,61.71
0,12,65536,96.86
0,12,131072,183.96
0,12,262144,388.46
0,12,524288,766.15
0,12,1048576,1473.78
0,16,1,4.55
0,16,2,2.59
0,16,4,17.09
0,16,8,12.81
0,16,16,1.17
0,16,32,2.30
0,16,64,2.48
0,16,128,36.05
0,16,256,24.14
0,16,512,37.38
0,16,1024,33.27
0,16,2048,78.06
0,16,4096,83.70
0,16,8192,109.71
0,16,16384,46.58
0,16,32768,62.52
0,16,65536,111.11
0,16,131072,198.54
0,16,262144,429.75
0,16,524288,740.68
0,16,1048576,1793.67
0,24,1,119.08
0,24,2,14.25
0,24,4,7.62
0,24,8,6.00
0,24,16,11.67
0,24,32,5.19
0,24,64,34.97
0,24,128,49.38
0,24,256,83.21
0,24,512,38.04
0,24,1024,56.38
0,24,2048,69.02
0,24,4096,106.41
0,24,8192,126.17
0,24,16384,57.48
0,24,32768,93.64
0,24,65536,158.49
0,24,131072,291.71
0,24,262144,554.96
0,24,524288,1077.26
0,24,1048576,2616.52
0,48,1,40092.61
0,48,2,26.81
0,48,4,7.70
0,48,8,28.61
0,48,16,154.39
0,48,32,7.43
0,48,64,11.47
0,48,128,38.22
0,48,256,35.54
0,48,512,46.20
0,48,1024,48.00
0,48,2048,86.46
0,48,4096,84.44
0,48,8192,116.48
0,48,16384,48.67
0,48,32768,72.02
0,48,65536,106.66
0,48,131072,215.50
0,48,262144,414.15
0,48,524288,806.15
0,48,1048576,1511.94
1,2,1,1213.92
1,2,2,0.64
1,2,4,0.67
1,2,8,0.45
1,2,16,0.57
1,2,32,0.59
1,2,64,0.52
1,2,128,6.62
1,2,256,22.88
1,2,512,6.45
1,2,1024,6.58
1,2,2048,7.35
1,2,4096,31.42
1,2,8192,26.97
1,2,16384,68.29
1,2,32768,23.93
1,2,65536,18.08
1,2,131072,26.89
1,2,262144,45.40
1,2,524288,88.27
1,2,1048576,165.54
1,4,1,1.59
1,4,2,0.56
1,4,4,0.70
1,4,8,0.53
1,4,16,0.68
1,4,32,4.63
1,4,64,0.84
1,4,128,13.98
1,4,256,13.90
1,4,512,14.69
1,4,1024,24.72
1,4,2048,25.92
1,4,4096,42.70
1,4,8192,57.21
1,4,16384,71.51
1,4,32768,30.62
1,4,65536,45.31
1,4,131072,64.65
1,4,262144,140.40
1,4,524288,267.85
1,4,1048576,537.27
1,8,1,2.57
1,8,2,1.20
1,8,4,9.07
1,8,8,2.01
1,8,16,1.17
1,8,32,2.26
1,8,64,2.16
1,8,128,25.69
1,8,256,28.58
1,8,512,32.99
1,8,1024,49.85
1,8,2048,60.38
1,8,4096,75.82
1,8,8192,112.44
1,8,16384,33.15
1,8,32768,38.62
1,8,65536,76.35
1,8,131072,122.96
1,8,262144,244.84
1,8,524288,505.35
1,8,1048576,886.65
1,12,1,111.95
1,12,2,5.22
1,12,4,13.12
1,12,8,4.90
1,12,16,6.11
1,12,32,4.95
1,12,64,5.26
1,12,128,41.14
1,12,256,84.05
1,12,512,87.08
1,12,1024,69.84
1,12,2048,111.76
1,12,4096,123.30
1,12,8192,153.85
1,12,16384,39.51
1,12,32768,54.67
1,12,65536,97.60
1,12,131072,196.15
1,12,262144,360.24
1,12,524288,794.02
1,12,1048576,1379.45
1,16,1,3.16
1,16,2,2.41
1,16,4,22.37
1,16,8,16.83
1,16,16,1.54
1,16,32,1.22
1,16,64,3.33
1,16,128,63.33
1,16,256,48.33
1,16,512,83.96
1,16,1024,58.49
1,16,2048,124.95
1,16,4096,209.05
1,16,8192,205.46
1,16,16384,68.47
1,16,32768,74.52
1,16,65536,155.82
1,16,131072,270.99
1,16,262144,555.78
1,16,524288,1046.15
1,16,1048576,1911.87
1,24,1,124.05
1,24,2,29.69
1,24,4,9.49
1,24,8,10.79
1,24,16,259.56
1,24,32,8.46
1,24,64,108.83
1,24,128,117.96
1,24,256,108.81
1,24,512,94.60
1,24,1024,113.14
1,24,2048,153.07
1,24,4096,239.69
1,24,8192,310.35
1,24,16384,726.82
1,24,32768,120.93
1,24,65536,216.76
1,24,131072,417.86
1,24,262144,788.48
1,24,524288,1676.81
1,24,1048576,2955.43
1,48,1,64.84
1,48,2,28.12
1,48,4,33.69
1,48,8,22.20
1,48,16,19.98
1,48,32,10.61
1,48,64,22.17
1,48,128,126.16
1,48,256,134.66
1,48,512,182.08
1,48,1024,185.52
1,48,2048,362.50
1,48,4096,361.80
1,48,8192,491.97
1,48,16384,67.09
1,48,32768,97.26
1,48,65536,170.37
1,48,131072,332.27
1,48,262144,670.55
1,48,524288,1334.78
1,48,1048576,2389.51
2,2,1,8.50
2,2,2,0.74
2,2,4,0.64
2,2,8,0.51
2,2,16,0.61
2,2,32,0.75
2,2,64,0.64
2,2,128,7.46
2,2,256,22.09
2,2,512,6.60
2,2,1024,6.78
2,2,2048,6.91
2,2,4096,19.97
2,2,8192,27.28
2,2,16384,11.83
2,2,32768,47.81
2,2,65536,16.18
2,2,131072,24.60
2,2,262144,52.23
2,2,524288,88.91
2,2,1048576,165.67
2,4,1,1.96
2,4,2,0.74
2,4,4,0.64
2,4,8,0.58
2,4,16,0.69
2,4,32,4.75
2,4,64,0.63
2,4,128,14.01
2,4,256,14.53
2,4,512,14.24
2,4,1024,15.03
2,4,2048,25.98
2,4,4096,56.99
2,4,8192,56.33
2,4,16384,15.31
2,4,32768,23.40
2,4,65536,68.14
2,4,131072,57.29
2,4,262144,95.51
2,4,524288,215.51
2,4,1048576,396.38
2,8,1,38.29
2,8,2,1.53
2,8,4,6.13
2,8,8,4.80
2,8,16,3.97
2,8,32,1.53
2,8,64,3.64
2,8,128,20.83
2,8,256,21.97
2,8,512,24.03
2,8,1024,35.64
2,8,2048,49.73
2,8,4096,62.04
2,8,8192,113.60
2,8,16384,40.32
2,8,32768,40.18
2,8,65536,75.23
2,8,131072,129.24
2,8,262144,245.31
2,8,524288,451.45
2,8,1048576,887.30
2,12,1,743.34
2,12,2,12.82
2,12,4,9.39
2,12,8,7.44
2,12,16,6.22
2,12,32,4.71
2,12,64,6.85
2,12,128,27.04
2,12,256,58.48
2,12,512,69.77
2,12,1024,47.82
2,12,2048,71.45
2,12,4096,87.88
2,12,8192,107.27
2,12,16384,43.58
2,12,32768,56.69
2,12,65536,103.62
2,12,131072,160.14
2,12,262144,290.17
2,12,524288,571.34
2,12,1048576,1141.66
2,16,1,7.58
2,16,2,2.17
2,16,4,27.00
2,16,8,21.70
2,16,16,1.95
2,16,32,17.98
2,16,64,3.10
2,16,128,37.18
2,16,256,32.15
2,16,512,43.27
2,16,1024,34.27
2,16,2048,79.35
2,16,4096,93.80
2,16,8192,134.36
2,16,16384,62.07
2,16,32768,76.99
2,16,65536,118.74
2,16,131072,220.22
2,16,262144,417.73
2,16,524288,776.20
2,16,1048576,1555.14
2,24,1,120.18
2,24,2,1384.23
2,24,4,8.23
2,24,8,6.66
2,24,16,16.40
2,24,32,335.19
2,24,64,72.01
2,24,128,44.84
2,24,256,1328.50
2,24,512,40.94
2,24,1024,62.89
2,24,2048,1334.89
2,24,4096,140.62
2,24,8192,173.13
2,24,16384,4193.29
2,24,32768,109.90
2,24,65536,611.23
2,24,131072,262.24
2,24,262144,507.88
2,24,524288,1588.64
2,24,1048576,3173.87
2,48,1,4760.03
2,48,2,12.86
2,48,4,19.08
2,48,8,26.04
2,48,16,15.31
2,48,32,101.99
2,48,64,11.20
2,48,128,50.67
2,48,256,45.65
2,48,512,64.42
2,48,1024,73.70
2,48,2048,150.49
2,48,4096,145.82
2,48,8192,196.80
2,48,16384,103.24
2,48,32768,110.65
2,48,65536,166.49
2,48,131072,286.15
2,48,262144,502.89
2,48,524288,957.59
2,48,1048576,1907.93
5,2,1,1748.62
5,2,2,0.67
5,2,4,0.57
5,2,8,0.63
5,2,16,0.64
5,2,32,0.52
5,2,64,0.74
5,2,128,7.00
5,2,256,23.22
5,2,512,6.83
5,2,1024,6.73
5,2,2048,7.18
5,2,4096,36.11
5,2,8192,27.03
5,2,16384,11.49
5,2,32768,49.39
5,2,65536,16.94
5,2,131072,43.27
5,2,262144,42.70
5,2,524288,89.32
5,2,1048576,164.86
5,4,1,2.52
5,4,2,0.83
5,4,4,0.83
5,4,8,0.77
5,4,16,0.80
5,4,32,1.14
5,4,64,1.19
5,4,128,13.73
5,4,256,19.32
5,4,512,13.45
5,4,1024,13.97
5,4,2048,26.50
5,4,4096,51.70
5,4,8192,59.19
5,4,16384,22.20
5,4,32768,26.69
5,4,65536,44.58
5,4,131072,68.13
5,4,262144,124.20
5,4,524288,230.52
5,4,1048576,423.52
5,8,1,6.01
5,8,2,1.70
5,8,4,21.10
5,8,8,1.76
5,8,16,1.52
5,8,32,1.84
5,8,64,1.89
5,8,128,22.14
5,8,256,20.80
5,8,512,20.69
5,8,1024,39.89
5,8,2048,52.66
5,8,4096,65.07
5,8,8192,97.14
5,8,16384,40.35
5,8,32768,44.52
5,8,65536,74.83
5,8,131072,130.79
5,8,262144,233.93
5,8,524288,454.62
5,8,1048576,890.94
5,12,1,1012.44
5,12,2,5.85
5,12,4,9.38
5,12,8,6.83
5,12,16,10.00
5,12,32,4.77
5,12,64,12.42
5,12,128,32.67
5,12,256,69.43
5,12,512,63.30
5,12,1024,54.12
5,12,2048,72.42
5,12,4096,87.86
5,12,8192,106.89
5,12,16384,47.09
5,12,32768,57.79
5,12,65536,90.72
5,12,131072,154.52
5,12,262144,304.88
5,12,524288,548.03
5,12,1048576,1100.43
5,16,1,6.54
5,16,2,3.01
5,16,4,8.73
5,16,8,16.04
5,16,16,2.22
5,16,32,3.26
5,16,64,3.74
5,16,128,36.51
5,16,256,26.50
5,16,512,38.92
5,16,1024,34.37
5,16,2048,75.82
5,16,4096,104.05
5,16,8192,123.37
5,16,16384,52.20
5,16,32768,63.81
5,16,65536,117.91
5,16,131072,198.94
5,16,262144,373.59
5,16,524288,709.43
5,16,1048576,1320.13
5,24,1,4704.08
5,24,2,39.32
5,24,4,7.89
5,24,8,11.52
5,24,16,11.13
5,24,32,7.01
5,24,64,299.24
5,24,128,46.11
5,24,256,56.64
5,24,512,40.36
5,24,1024,52.64
5,24,2048,63.73
5,24,4096,121.22
5,24,8192,1173.34
5,24,16384,69.16
5,24,32768,88.60
5,24,65536,139.43
5,24,131072,243.25
5,24,262144,441.15
5,24,524288,855.74
5,24,1048576,1661.00
5,48,1,2765.05
5,48,2,31.98
5,48,4,13.42
5,48,8,19.35
5,48,16,24.42
5,48,32,9.70
5,48,64,13.06
5,48,128,48.76
5,48,256,40.66
5,48,512,63.39
5,48,1024,72.52
5,48,2048,132.70
5,48,4096,146.98
5,48,8192,178.55
5,48,16384,94.29
5,48,32768,120.90
5,48,65536,189.28
5,48,131072,353.97
5,48,262144,655.55
5,48,524288,1274.64
5,48,1048576,2380.70
0,2,1,1654.32
0,2,2,0.72
0,2,4,0.63
0,2,8,0.55
0,2,16,0.54
0,2,32,0.76
0,2,64,0.78
0,2,128,7.22
0,2,256,21.78
0,2,512,6.77
0,2,1024,21.00
0,2,2048,7.04
0,2,4096,19.95
0,2,8192,26.60
0,2,16384,83.04
0,2,32768,23.18
0,2,65536,16.29
0,2,131072,25.97
0,2,262144,45.70
0,2,524288,103.37
0,2,1048576,165.86
0,4,1,5.47
0,4,2,0.87
0,4,4,0.81
0,4,8,0.74
0,4,16,0.82
0,4,32,0.86
0,4,64,4.63
0,4,128,13.18
0,4,256,20.89
0,4,512,13.11
0,4,1024,25.96
0,4,2048,26.49
0,4,4096,42.86
0,4,8192,58.24
0,4,16384,42.99
0,4,32768,30.55
0,4,65536,44.98
0,4,131072,64.72
0,4,262144,134.83
0,4,524288,276.56
0,4,1048576,561.53
0,8,1,2.40
0,8,2,2.21
0,8,4,5.27
0,8,8,3.84
0,8,16,1.64
0,8,32,1.76
0,8,64,1.21
0,8,128,22.48
0,8,256,21.40
0,8,512,21.88
0,8,1024,31.23
0,8,2048,53.05
0,8,4096,65.20
0,8,8192,96.87
0,8,16384,36.21
0,8,32768,52.20
0,8,65536,66.78
0,8,131072,121.29
0,8,262144,264.80
0,8,524288,515.94
0,8,1048576,1031.92
0,12,1,112.75
0,12,2,6.51
0,12,4,9.46
0,12,8,8.22
0,12,16,6.69
0,12,32,4.78
0,12,64,3.66
0,12,128,27.98
0,12,256,56.13
0,12,512,38.31
0,12,1024,38.25
0,12,2048,61.85
0,12,4096,89.67
0,12,8192,127.72
0,12,16384,39.89
0,12,32768,60.62
0,12,65536,97.71
0,12,131072,187.29
0,12,262144,386.22
0,12,524288,731.81
0,12,1048576,1319.84
0,16,1,7.30
0,16,2,2.42
0,16,4,11.26
0,16,8,8.02
0,16,16,1.33
0,16,32,1.08
0,16,64,2.25
0,16,128,36.85
0,16,256,26.39
0,16,512,34.49
0,16,1024,32.92
0,16,2048,88.06
0,16,4096,103.96
0,16,8192,111.22
0,16,16384,46.18
0,16,32768,60.64
0,16,65536,113.02
0,16,131072,196.92
0,16,262144,383.53
0,16,524288,725.92
0,16,1048576,1740.12
0,24,1,117.56
0,24,2,10.03
0,24,4,7.55
0,24,8,5.96
0,24,16,10.65
0,24,32,25.54
0,24,64,44.50
0,24,128,41.78
0,24,256,74.95
0,24,512,41.36
0,24,1024,56.39
0,24,2048,81.59
0,24,4096,104.98
0,24,8192,130.76
0,24,16384,55.85
0,24,32768,89.02
0,24,65536,158.10
0,24,131072,840.82
0,24,262144,629.22
0,24,524288,1226.86
0,24,1048576,5254.78
0,48,1,1404.48
0,48,2,47.53
0,48,4,6.57
0,48,8,8.42
0,48,16,38.37
0,48,32,9.96
0,48,64,12.33
0,48,128,37.61
0,48,256,36.92
0,48,512,47.28
0,48,1024,52.30
0,48,2048,85.25
0,48,4096,83.17
0,48,8192,110.41
0,48,16384,48.44
0,48,32768,67.41
0,48,65536,113.91
0,48,131072,204.72
0,48,262144,396.00
0,48,524288,765.92
0,48,1048576,1460.22
1,2,1,1773.29
1,2,2,0.54
1,2,4,0.45
1,2,8,0.52
1,2,16,0.48
1,2,32,0.58
1,2,64,0.76
1,2,128,6.96
1,2,256,22.34
1,2,512,6.54
1,2,1024,6.79
1,2,2048,7.28
1,2,4096,20.16
1,2,8192,27.38
1,2,16384,84.42
1,2,32768,24.62
1,2,65536,18.01
1,2,131072,27.44
1,2,262144,45.26
1,2,524288,99.50
1,2,1048576,166.80
1,4,1,1.77
1,4,2,0.76
1,4,4,0.58
1,4,8,0.55
1,4,16,0.58
1,4,32,0.62
1,4,64,0.50
1,4,128,14.37
1,4,256,19.81
1,4,512,14.50
1,4,1024,15.46
1,4,2048,26.01
1,4,4096,48.28
1,4,8192,71.21
1,4,16384,73.54
1,4,32768,30.76
1,4,65536,45.29
1,4,131072,64.68
1,4,262144,134.34
1,4,524288,265.87
1,4,1048576,539.17
1,8,1,2.42
1,8,2,1.31
1,8,4,8.33
1,8,8,2.01
1,8,16,1.60
1,8,32,1.73
1,8,64,2.09
1,8,128,25.91
1,8,256,28.22
1,8,512,43.71
1,8,1024,57.31
1,8,2048,59.97
1,8,4096,76.50
1,8,8192,137.87
1,8,16384,32.73
1,8,32768,39.85
1,8,65536,65.26
1,8,131072,123.80
1,8,262144,252.58
1,8,524288,492.13
1,8,1048576,903.37
1,12,1,778.48
1,12,2,5.11
1,12,4,14.19
1,12,8,2.91
1,12,16,4.13
1,12,32,4.99
1,12,64,5.01
1,12,128,41.97
1,12,256,104.21
1,12,512,86.16
1,12,1024,69.53
1,12,2048,110.55
1,12,4096,122.23
1,12,8192,162.33
1,12,16384,39.44
1,12,32768,50.87
1,12,65536,96.21
1,12,131072,185.54
1,12,262144,362.73
1,12,524288,739.63
1,12,1048576,1458.76
1,16,1,2.83
1,16,2,3.02
1,16,4,22.94
1,16,8,16.77
1,16,16,1.58
1,16,32,2.37
1,16,64,3.40
1,16,128,61.96
1,16,256,63.83
1,16,512,77.08
1,16,1024,57.26
1,16,2048,125.73
1,16,4096,173.93
1,16,8192,205.48
1,16,16384,52.07
1,16,32768,71.78
1,16,65536,160.03
1,16,131072,300.81
1,16,262144,555.15
1,16,524288,1020.00
1,16,1048576,2058.61
1,24,1,123.89
1,24,2,31.73
1,24,4,21.11
1,24,8,10.61
1,24,16,11.86
1,24,32,3.96
1,24,64,19.29
1,24,128,85.94
1,24,256,115.54
1,24,512,92.44
1,24,1024,115.13
1,24,2048,153.13
1,24,4096,243.33
1,24,8192,329.12
1,24,16384,185.73
1,24,32768,112.39
1,24,65536,207.48
1,24,131072,388.16
1,24,262144,803.53
1,24,524288,1523.55
1,24,1048576,2902.30
1,48,1,64.96
1,48,2,28.05
1,48,4,34.64
1,48,8,22.96
1,48,16,19.60
1,48,32,33.74
1,48,64,32.32
1,48,128,121.66
1,48,256,123.99
1,48,512,180.70
1,48,1024,181.38
1,48,2048,374.54
1,48,4096,368.72
1,48,8192,498.93
1,48,16384,56.77
1,48,32768,98.34
1,48,65536,171.17
1,48,131072,333.58
1,48,262144,535.65
1,48,524288,1303.39
1,48,1048576,2547.05
2,2,1,8.73
2,2,2,0.66
2,2,4,0.61
2,2,8,0.61
2,2,16,0.66
2,2,32,0.67
2,2,64,0.67
2,2,128,7.08
2,2,256,22.24
2,2,512,6.63
2,2,1024,6.95
2,2,2048,6.94
2,2,4096,19.60
2,2,8192,27.16
2,2,16384,21.76
2,2,32768,48.49
2,2,65536,15.83
2,2,131072,24.54
2,2,262144,71.67
2,2,524288,86.90
2,2,1048576,162.46
2,4,1,2.97
2,4,2,0.84
2,4,4,0.66
2,4,8,0.61
2,4,16,0.67
2,4,32,0.90
2,4,64,0.71
2,4,128,14.28
2,4,256,23.00
2,4,512,14.45
2,4,1024,49.06
2,4,2048,26.07
2,4,4096,44.54
2,4,8192,57.05
2,4,16384,14.61
2,4,32768,24.45
2,4,65536,42.50
2,4,131072,59.87
2,4,262144,121.11
2,4,524288,219.29
2,4,1048576,453.13
2,8,1,2.46
2,8,2,1.54
2,8,4,9.35
2,8,8,4.40
2,8,16,4.07
2,8,32,1.88
2,8,64,3.85
2,8,128,21.61
2,8,256,21.68
2,8,512,24.33
2,8,1024,36.54
2,8,2048,49.65
2,8,4096,63.49
2,8,8192,89.01
2,8,16384,38.96
2,8,32768,66.59
2,8,65536,66.67
2,8,131072,124.36
2,8,262144,232.47
2,8,524288,457.31
2,8,1048576,869.01
2,12,1,120.96
2,12,2,6.31
2,12,4,9.37
2,12,8,6.82
2,12,16,5.23
2,12,32,5.24
2,12,64,46.49
2,12,128,27.19
2,12,256,58.57
2,12,512,51.11
2,12,1024,46.84
2,12,2048,66.07
2,12,4096,88.42
2,12,8192,109.05
2,12,16384,43.08
2,12,32768,55.90
2,12,65536,98.65
2,12,131072,179.03
2,12,262144,295.90
2,12,524288,567.13
2,12,1048576,1138.60
2,16,1,6.47
2,16,2,2.34
2,16,4,17.32
2,16,8,15.57
2,16,16,2.28
2,16,32,16.63
2,16,64,3.04
2,16,128,37.17
2,16,256,40.81
2,16,512,43.39
2,16,1024,34.37
2,16,2048,79.35
2,16,4096,92.71
2,16,8192,136.37
2,16,16384,58.71
2,16,32768,90.30
2,16,65536,125.91
2,16,131072,227.26
2,16,262144,397.16
2,16,524288,761.26
2,16,1048576,1471.73
2,24,1,120.43
2,24,2,16.54
2,24,4,7.68
2,24,8,118.93
2,24,16,12.17
2,24,32,6.32
2,24,64,118.98
2,24,128,50.17
2,24,256,69.23
2,24,512,40.87
2,24,1024,63.92
2,24,2048,85.03
2,24,4096,138.01
2,24,8192,176.27
2,24,16384,80.08
2,24,32768,101.85
2,24,65536,155.94
2,24,131072,292.31
2,24,262144,502.23
2,24,524288,927.54
2,24,1048576,1894.33
2,48,1,6305.84
2,48,2,13.17
2,48,4,18.63
2,48,8,19.90
2,48,16,15.00
2,48,32,10.83
2,48,64,13.05
2,48,128,50.73
2,48,256,47.80
2,48,512,68.88
2,48,1024,74.11
2,48,2048,147.61
2,48,4096,147.27
2,48,8192,208.32
2,48,16384,102.19
2,48,32768,114.27
2,48,65536,171.18
2,48,131072,285.92
2,48,262144,501.61
2,48,524288,965.94
2,48,1048576,1908.55
5,2,1,961.05
5,2,2,0.65
5,2,4,0.60
5,2,8,0.55
5,2,16,0.56
5,2,32,0.83
5,2,64,0.74
5,2,128,6.70
5,2,256,22.87
5,2,512,6.43
5,2,1024,6.79
5,2,2048,7.34
5,2,4096,43.07
5,2,8192,26.96
5,2,16384,11.93
5,2,32768,40.14
5,2,65536,16.36
5,2,131072,25.06
5,2,262144,43.17
5,2,524288,80.02
5,2,1048576,164.95
5,4,1,4.79
5,4,2,0.97
5,4,4,0.74
5,4,8,0.88
5,4,16,0.75
5,4,32,0.78
5,4,64,4.35
5,4,128,14.49
5,4,256,28.43
5,4,512,13.08
5,4,1024,26.61
5,4,2048,26.13
5,4,4096,45.83
5,4,8192,54.51
5,4,16384,22.99
5,4,32768,32.94
5,4,65536,49.62
5,4,131072,71.34
5,4,262144,141.68
5,4,524288,244.28
5,4,1048576,431.22
5,8,1,3.26
5,8,2,1.81
5,8,4,18.73
5,8,8,1.88
5,8,16,1.56
5,8,32,2.12
5,8,64,2.09
5,8,128,22.60
5,8,256,21.10
5,8,512,20.45
5,8,1024,39.62
5,8,2048,53.31
5,8,4096,63.37
5,8,8192,99.11
5,8,16384,41.32
5,8,32768,43.61
5,8,65536,74.86
5,8,131072,139.21
5,8,262144,230.31
5,8,524288,436.86
5,8,1048576,858.77
5,12,1,136.20
5,12,2,5.06
5,12,4,45.13
5,12,8,7.34
5,12,16,8.41
5,12,32,4.47
5,12,64,26.58
5,12,128,51.53
5,12,256,70.02
5,12,512,64.02
5,12,1024,55.20
5,12,2048,71.63
5,12,4096,91.40
5,12,8192,107.76
5,12,16384,48.98
5,12,32768,58.24
5,12,65536,93.41
5,12,131072,156.42
5,12,262144,303.54
5,12,524288,546.34
5,12,1048576,1093.40
5,16,1,4.56
5,16,2,3.17
5,16,4,12.57
5,16,8,16.59
5,16,16,2.13
5,16,32,3.41
5,16,64,2.84
5,16,128,38.09
5,16,256,25.92
5,16,512,39.21
5,16,1024,35.63
5,16,2048,87.46
5,16,4096,90.84
5,16,8192,123.89
5,16,16384,56.60
5,16,32768,66.14
5,16,65536,104.23
5,16,131072,196.14
5,16,262144,363.32
5,16,524288,715.54
5,16,1048576,1333.73
5,24,1,653.30
5,24,2,22.86
5,24,4,8.63
5,24,8,7.67
5,24,16,11.77
5,24,32,7.03
5,24,64,15.75
5,24,128,46.05
5,24,256,53.43
5,24,512,39.75
5,24,1024,58.15
5,24,2048,62.68
5,24,4096,122.05
5,24,8192,164.76
5,24,16384,67.70
5,24,32768,95.88
5,24,65536,137.79
5,24,131072,235.23
5,24,262144,442.13
5,24,524288,854.23
5,24,1048576,1668.77
5,48,1,7086.49
5,48,2,33.26
5,48,4,14.09
5,48,8,20.99
5,48,16,25.19
5,48,32,8.92
5,48,64,13.89
5,48,128,45.22
5,48,256,41.16
5,48,512,62.47
5,48,1024,71.80
5,48,2048,158.18
5,48,4096,130.74
5,48,8192,201.43
5,48,16384,103.65
5,48,32768,120.70
5,48,65536,193.80
5,48,131072,351.18
5,48,262144,634.88
5,48,524288,1249.30
5,48,1048576,2429.75
0,2,1,41.46
0,2,2,0.57
0,2,4,0.54
0,2,8,0.62
0,2,16,0.52
0,2,32,2.77
0,2,64,0.66
0,2,128,6.97
0,2,256,23.37
0,2,512,6.82
0,2,1024,6.94
0,2,2048,7.03
0,2,4096,20.01
0,2,8192,38.08
0,2,16384,58.43
0,2,32768,24.08
0,2,65536,16.18
0,2,131072,25.38
0,2,262144,45.50
0,2,524288,88.77
0,2,1048576,163.30
0,4,1,2.56
0,4,2,0.99
0,4,4,0.76
0,4,8,0.92
0,4,16,0.93
0,4,32,4.46
0,4,64,1.08
0,4,128,12.91
0,4,256,13.12
0,4,512,13.23
0,4,1024,13.93
0,4,2048,26.28
0,4,4096,44.63
0,4,8192,60.40
0,4,16384,72.48
0,4,32768,30.42
0,4,65536,46.15
0,4,131072,64.58
0,4,262144,141.08
0,4,524288,266.78
0,4,1048576,568.85
0,8,1,11.74
0,8,2,1.46
0,8,4,5.25
0,8,8,4.36
0,8,16,1.44
0,8,32,2.31
0,8,64,1.66
0,8,128,89.75
0,8,256,21.70
0,8,512,22.13
0,8,1024,34.19
0,8,2048,41.64
0,8,4096,64.98
0,8,8192,94.70
0,8,16384,35.87
0,8,32768,39.58
0,8,65536,65.48
0,8,131072,118.38
0,8,262144,244.30
0,8,524288,488.66
0,8,1048576,985.07
0,12,1,203.55
0,12,2,4.32
0,12,4,7.90
0,12,8,7.11
0,12,16,6.47
0,12,32,5.53
0,12,64,3.66
0,12,128,26.83
0,12,256,53.77
0,12,512,36.44
0,12,1024,36.98
0,12,2048,60.24
0,12,4096,89.41
0,12,8192,107.46
0,12,16384,41.39
0,12,32768,64.85
0,12,65536,98.76
0,12,131072,183.02
0,12,262144,434.17
0,12,524288,984.19
0,12,1048576,1561.61
0,16,1,5.75
0,16,2,2.06
0,16,4,15.41
0,16,8,7.53
0,16,16,1.31
0,16,32,1.10
0,16,64,2.54
0,16,128,36.71
0,16,256,26.46
0,16,512,40.63
0,16,1024,33.56
0,16,2048,121.77
0,16,4096,82.97
0,16,8192,111.62
0,16,16384,45.54
0,16,32768,62.68
0,16,65536,121.00
0,16,131072,238.56
0,16,262144,394.93
0,16,524288,737.00
0,16,1048576,1761.79
0,24,1,120.17
0,24,2,5.48
0,24,4,6.66
0,24,8,6.20
0,24,16,10.81
0,24,32,5.72
0,24,64,40.51
0,24,128,43.25
0,24,256,68.15
0,24,512,38.67
0,24,1024,56.45
0,24,2048,68.95
0,24,4096,120.86
0,24,8192,127.85
0,24,16384,54.63
0,24,32768,88.46
0,24,65536,154.04
0,24,131072,298.14
0,24,262144,525.53
0,24,524288,1038.93
0,24,1048576,2626.29
0,48,1,206.93
0,48,2,28.51
0,48,4,6.07
0,48,8,7.62
0,48,16,18.38
0,48,32,7.30
0,48,64,21.30
0,48,128,39.66
0,48,256,35.86
0,48,512,47.37
0,48,1024,49.94
0,48,2048,84.57
0,48,4096,90.63
0,48,8192,107.83
0,48,16384,57.78
0,48,32768,69.01
0,48,65536,113.19
0,48,131072,224.11
0,48,262144,420.90
0,48,524288,797.94
0,48,1048576,1519.31
1,2,1,696.06
1,2,2,0.53
1,2,4,0.60
1,2,8,0.57
1,2,16,0.50
1,2,32,0.74
1,2,64,0.75
1,2,128,6.81
1,2,256,34.17
1,2,512,6.67
1,2,1024,6.83
1,2,2048,7.11
1,2,4096,31.28
1,2,8192,26.83
1,2,16384,49.65
1,2,32768,24.36
1,2,65536,18.38
1,2,131072,27.30
1,2,262144,45.71
1,2,524288,89.45
1,2,1048576,182.67
1,4,1,1.48
1,4,2,0.63
1,4,4,0.54
1,4,8,0.52
1,4,16,0.52
1,4,32,0.64
1,4,64,0.56
1,4,128,14.31
1,4,256,22.30
1,4,512,14.73
1,4,1024,14.89
1,4,2048,26.72
1,4,4096,51.61
1,4,8192,74.96
1,4,16384,94.47
1,4,32768,30.75
1,4,65536,46.41
1,4,131072,65.33
1,4,262144,140.94
1,4,524288,273.96
1,4,1048576,522.25
1,8,1,2.04
1,8,2,1.38
1,8,4,8.40
1,8,8,1.86
1,8,16,1.12
1,8,32,2.11
1,8,64,2.26
1,8,128,26.00
1,8,256,27.59
1,8,512,30.69
1,8,1024,47.03
1,8,2048,60.55
1,8,4096,99.30
1,8,8192,113.40
1,8,16384,32.30
1,8,32768,39.07
1,8,65536,64.09
1,8,131072,133.12
1,8,262144,232.25
1,8,524288,485.76
1,8,1048576,883.82
1,12,1,114.85
1,12,2,5.52
1,12,4,13.82
1,12,8,5.05
1,12,16,34.20
1,12,32,4.95
1,12,64,6.67
1,12,128,42.00
1,12,256,89.25
1,12,512,96.39
1,12,1024,69.74
1,12,2048,93.93
1,12,4096,141.80
1,12,8192,162.02
1,12,16384,39.26
1,12,32768,51.74
1,12,65536,94.32
1,12,131072,184.83
1,12,262144,360.83
1,12,524288,733.87
1,12,1048576,1408.60
1,16,1,2.61
1,16,2,2.97
1,16,4,17.54
1,16,8,16.89
1,16,16,3.12
1,16,32,1.27
1,16,64,3.66
1,16,128,63.65
1,16,256,48.68
1,16,512,74.28
1,16,1024,58.29
1,16,2048,121.74
1,16,4096,144.81
1,16,8192,211.07
1,16,16384,64.67
1,16,32768,67.95
1,16,65536,154.50
1,16,131072,292.66
1,16,262144,552.55
1,16,524288,1055.23
1,16,1048576,1869.42
1,24,1,127.06
1,24,2,44.69
1,24,4,10.65
1,24,8,7.05
1,24,16,20.54
1,24,32,4.02
1,24,64,20.13
1,24,128,87.71
1,24,256,109.81
1,24,512,86.02
1,24,1024,116.02
1,24,2048,151.89
1,24,4096,237.00
1,24,8192,334.25
1,24,16384,81.49
1,24,32768,129.46
1,24,65536,209.26
1,24,131072,400.73
1,24,262144,817.71
1,24,524288,1599.13
1,24,1048576,2928.20
1,48,1,65.74
1,48,2,27.88
1,48,4,32.09
1,48,8,28.10
1,48,16,16.66
1,48,32,10.70
1,48,64,22.39
1,48,128,122.80
1,48,256,115.97
1,48,512,137.46
1,48,1024,186.39
1,48,2048,377.35
1,48,4096,328.01
1,48,8192,497.03
1,48,16384,55.75
1,48,32768,93.60
1,48,65536,176.29
1,48,131072,343.65
1,48,262144,647.01
1,48,524288,1318.18
1,48,1048576,2533.92
2,2,1,6.96
2,2,2,0.69
2,2,4,0.51
2,2,8,0.51
2,2,16,0.53
2,2,32,0.60
2,2,64,0.57
2,2,128,6.67
2,2,256,23.23
2,2,512,6.74
2,2,1024,6.62
2,2,2048,7.16
2,2,4096,42.95
2,2,8192,27.09
2,2,16384,12.11
2,2,32768,41.51
2,2,65536,16.41
2,2,131072,25.44
2,2,262144,43.54
2,2,524288,80.62
2,2,1048576,164.71
2,4,1,3.08
2,4,2,0.68
2,4,4,0.66
2,4,8,0.63
2,4,16,0.59
2,4,32,0.82
2,4,64,0.63
2,4,128,14.06
2,4,256,20.68
2,4,512,14.78
2,4,1024,39.35
2,4,2048,26.67
2,4,4096,48.88
2,4,8192,57.33
2,4,16384,14.59
2,4,32768,24.52
2,4,65536,40.26
2,4,131072,69.89
2,4,262144,101.44
2,4,524288,219.88
2,4,1048576,425.03
2,8,1,3.61
2,8,2,1.49
2,8,4,9.38
2,8,8,4.45
2,8,16,3.89
2,8,32,1.67
2,8,64,3.75
2,8,128,19.48
2,8,256,21.87
2,8,512,24.85
2,8,1024,36.20
2,8,2048,49.11
2,8,4096,62.32
2,8,8192,103.30
2,8,16384,51.04
2,8,32768,38.74
2,8,65536,119.29
2,8,131072,129.16
2,8,262144,242.34
2,8,524288,466.29
2,8,1048576,896.47
2,12,1,845.84
2,12,2,8.71
2,12,4,9.57
2,12,8,7.13
2,12,16,5.19
2,12,32,5.17
2,12,64,6.31
2,12,128,27.15
2,12,256,62.57
2,12,512,46.74
2,12,1024,45.42
2,12,2048,68.32
2,12,4096,89.31
2,12,8192,107.56
2,12,16384,42.65
2,12,32768,68.17
2,12,65536,94.39
2,12,131072,159.93
2,12,262144,296.88
2,12,524288,566.74
2,12,1048576,1134.75
2,16,1,8.23
2,16,2,2.33
2,16,4,19.35
2,16,8,15.62
2,16,16,2.24
2,16,32,4.24
2,16,64,3.37
2,16,128,39.08
2,16,256,43.55
2,16,512,43.21
2,16,1024,36.79
2,16,2048,89.44
2,16,4096,93.33
2,16,8192,124.64
2,16,16384,63.33
2,16,32768,76.40
2,16,65536,128.47
2,16,131072,225.55
2,16,262144,417.20
2,16,524288,758.03
2,16,1048576,1438.81
2,24,1,122.76
2,24,2,68.65
2,24,4,7.97
2,24,8,37.78
2,24,16,108.53
2,24,32,7.30
2,24,64,111.45
2,24,128,58.47
2,24,256,69.12
2,24,512,45.58
2,24,1024,62.82
2,24,2048,108.34
2,24,4096,136.07
2,24,8192,173.25
2,24,16384,89.61
2,24,32768,99.78
2,24,65536,164.95
2,24,131072,280.45
2,24,262144,510.61
2,24,524288,938.19
2,24,1048576,1927.75
2,48,1,1391.38
2,48,2,340.51
2,48,4,299.14
2,48,8,180.27
2,48,16,15.78
2,48,32,392.84
2,48,64,11.35
2,48,128,393.13
2,48,256,48.29
2,48,512,65.13
2,48,1024,74.19
2,48,2048,147.98
2,48,4096,146.23
2,48,8192,197.22
2,48,16384,102.45
2,48,32768,113.41
2,48,65536,164.73
2,48,131072,284.15
2,48,262144,497.28
2,48,524288,965.12
2,48,1048576,1902.47
5,2,1,670.68
5,2,2,0.77
5,2,4,0.64
5,2,8,0.60
5,2,16,0.59
5,2,32,0.90
5,2,64,0.77
5,2,128,6.68
5,2,256,23.20
5,2,512,6.64
5,2,1024,7.07
5,2,2048,7.05
5,2,4096,31.29
5,2,8192,27.05
5,2,16384,11.30
5,2,32768,41.22
5,2,65536,16.45
5,2,131072,25.01
5,2,262144,42.63
5,2,524288,80.28
5,2,1048576,181.88
5,4,1,2.96
5,4,2,0.93
5,4,4,0.86
5,4,8,0.76
5,4,16,0.86
5,4,32,4.33
5,4,64,4.28
5,4,128,13.18
5,4,256,21.07
5,4,512,13.20
5,4,1024,13.46
5,4,2048,26.38
5,4,4096,47.40
5,4,8192,54.97
5,4,16384,21.97
5,4,32768,41.41
5,4,65536,50.08
5,4,131072,65.39
5,4,262144,111.48
5,4,524288,236.53
5,4,1048576,422.47
5,8,1,61.82
5,8,2,1.88
5,8,4,11.02
5,8,8,1.53
5,8,16,1.41
5,8,32,2.11
5,8,64,1.67
5,8,128,21.21
5,8,256,20.67
5,8,512,20.93
5,8,1024,40.16
5,8,2048,52.68
5,8,4096,133.46
5,8,8192,101.01
5,8,16384,39.30
5,8,32768,43.32
5,8,65536,75.97
5,8,131072,128.86
5,8,262144,227.92
5,8,524288,440.48
5,8,1048576,886.02
5,12,1,119.28
5,12,2,5.25
5,12,4,9.12
5,12,8,4.13
5,12,16,6.44
5,12,32,4.57
5,12,64,26.24
5,12,128,35.40
5,12,256,69.34
5,12,512,64.03
5,12,1024,54.01
5,12,2048,76.55
5,12,4096,88.33
5,12,8192,107.71
5,12,16384,59.69
5,12,32768,61.96
5,12,65536,92.24
5,12,131072,172.67
5,12,262144,293.34
5,12,524288,569.66
5,12,1048576,1103.55
5,16,1,34.21
5,16,2,2.96
5,16,4,17.68
5,16,8,16.68
5,16,16,2.21
5,16,32,3.51
5,16,64,2.85
5,16,128,36.23
5,16,256,25.69
5,16,512,39.00
5,16,1024,46.41
5,16,2048,75.77
5,16,4096,99.99
5,16,8192,139.21
5,16,16384,59.60
5,16,32768,66.64
5,16,65536,107.28
5,16,131072,190.01
5,16,262144,374.98
5,16,524288,689.82
5,16,1048576,1284.77
5,24,1,228.84
5,24,2,19.73
5,24,4,8.55
5,24,8,12.42
5,24,16,10.69
5,24,32,20.32
5,24,64,231.75
5,24,128,45.16
5,24,256,52.74
5,24,512,39.77
5,24,1024,53.23
5,24,2048,63.54
5,24,4096,119.18
5,24,8192,171.25
5,24,16384,67.87
5,24,32768,84.54
5,24,65536,139.92
5,24,131072,250.27
5,24,262144,459.99
5,24,524288,872.14
5,24,1048576,1694.32
5,48,1,6400.08
5,48,2,28.95
5,48,4,14.13
5,48,8,19.78
5,48,16,22.07
5,48,32,8.26
5,48,64,12.54
5,48,128,49.85
5,48,256,39.43
5,48,512,63.01
5,48,1024,73.00
5,48,2048,442.86
5,48,4096,126.55
5,48,8192,223.27
5,48,16384,95.79
5,48,32768,124.96
5,48,65536,195.83
5,48,131072,344.28
5,48,262144,629.97
5,48,524288,2165.78
5,48,1048576,2453.48
0,2,1,194.64
0,2,2,0.74
0,2,4,0.50
0,2,8,0.52
0,2,16,0.61
0,2,32,0.70
0,2,64,0.74
0,2,128,6.66
0,2,256,23.80
0,2,512,7.03
0,2,1024,7.21
0,2,2048,7.02
0,2,4096,31.29
0,2,8192,27.13
0,2,16384,18.23
0,2,32768,15.68
0,2,65536,16.92
0,2,131072,25.54
0,2,262144,46.43
0,2,524288,82.22
0,2,1048576,165.85
0,4,1,2.63
0,4,2,0.93
0,4,4,0.82
0,4,8,0.77
0,4,16,0.82
0,4,32,0.86
0,4,64,4.43
0,4,128,13.48
0,4,256,28.63
0,4,512,12.90
0,4,1024,13.65
0,4,2048,26.27
0,4,4096,51.19
0,4,8192,57.38
0,4,16384,73.99
0,4,32768,30.91
0,4,65536,45.03
0,4,131072,64.58
0,4,262144,115.52
0,4,524288,265.21
0,4,1048576,555.31
0,8,1,4.48
0,8,2,1.84
0,8,4,5.50
0,8,8,1.85
0,8,16,1.60
0,8,32,2.23
0,8,64,1.62
0,8,128,19.48
0,8,256,21.17
0,8,512,21.72
0,8,1024,31.37
0,8,2048,38.31
0,8,4096,64.99
0,8,8192,97.66
0,8,16384,35.55
0,8,32768,39.97
0,8,65536,66.92
0,8,131072,124.10
0,8,262144,257.87
0,8,524288,509.94
0,8,1048576,950.48
0,12,1,2762.84
0,12,2,5.13
0,12,4,9.21
0,12,8,8.71
0,12,16,6.31
0,12,32,5.10
0,12,64,3.65
0,12,128,26.46
0,12,256,66.07
0,12,512,38.93
0,12,1024,37.33
0,12,2048,63.14
0,12,4096,88.49
0,12,8192,107.66
0,12,16384,42.57
0,12,32768,66.10
0,12,65536,93.62
0,12,131072,221.97
0,12,262144,434.30
0,12,524288,736.06
0,12,1048576,1460.02
0,16,1,5.16
0,16,2,2.29
0,16,4,15.58
0,16,8,11.93
0,16,16,2.43
0,16,32,1.17
0,16,64,2.20
0,16,128,37.22
0,16,256,25.24
0,16,512,40.90
0,16,1024,33.80
0,16,2048,76.75
0,16,4096,83.42
0,16,8192,112.03
0,16,16384,45.59
0,16,32768,60.70
0,16,65536,106.78
0,16,131072,200.75
0,16,262144,380.85
0,16,524288,751.49
0,16,1048576,1721.33
0,24,1,1942.38
0,24,2,4.80
0,24,4,7.06
0,24,8,6.33
0,24,16,15.31
0,24,32,6.03
0,24,64,33.63
0,24,128,44.96
0,24,256,62.67
0,24,512,38.20
0,24,1024,56.39
0,24,2048,68.54
0,24,4096,139.50
0,24,8192,131.90
0,24,16384,52.61
0,24,32768,204.47
0,24,65536,148.43
0,24,131072,284.13
0,24,262144,851.40
0,24,524288,1094.82
0,24,1048576,2630.85
0,48,1,154.07
0,48,2,32.80
0,48,4,33.28
0,48,8,7.49
0,48,16,14.60
0,48,32,7.73
0,48,64,10.52
0,48,128,37.83
0,48,256,36.55
0,48,512,51.63
0,48,1024,50.51
0,48,2048,77.98
0,48,4096,85.49
0,48,8192,115.26
0,48,16384,51.57
0,48,32768,70.14
0,48,65536,118.42
0,48,131072,295.83
0,48,262144,476.59
0,48,524288,849.90
0,48,1048576,1463.85
1,2,1,1257.71
1,2,2,0.61
1,2,4,0.52
1,2,8,0.61
1,2,16,0.50
1,2,32,0.57
1,2,64,0.50
1,2,128,6.42
1,2,256,33.58
1,2,512,6.88
1,2,1024,7.13
1,2,2048,7.11
1,2,4096,30.60
1,2,8192,27.13
1,2,16384,26.65
1,2,32768,24.64
1,2,65536,17.29
1,2,131072,27.16
1,2,262144,45.19
1,2,524288,90.17
1,2,1048576,165.80
1,4,1,1.90
1,4,2,0.74
1,4,4,0.60
1,4,8,0.57
1,4,16,0.63
1,4,32,4.10
1,4,64,0.55
1,4,128,13.65
1,4,256,14.32
1,4,512,14.41
1,4,1024,14.61
1,4,2048,26.21
1,4,4096,43.11
1,4,8192,56.17
1,4,16384,47.73
1,4,32768,31.44
1,4,65536,45.44
1,4,131072,64.85
1,4,262144,141.52
1,4,524288,276.32
1,4,1048576,526.91
1,8,1,2.45
1,8,2,2.11
1,8,4,8.41
1,8,8,1.77
1,8,16,1.31
1,8,32,1.99
1,8,64,2.34
1,8,128,26.78
1,8,256,28.74
1,8,512,31.28
1,8,1024,47.97
1,8,2048,61.65
1,8,4096,78.29
1,8,8192,112.80
1,8,16384,33.05
1,8,32768,39.82
1,8,65536,73.51
1,8,131072,133.38
1,8,262144,242.97
1,8,524288,476.71
1,8,1048576,937.71
1,12,1,120.35
1,12,2,4.65
1,12,4,12.98
1,12,8,4.51
1,12,16,6.88
1,12,32,5.18
1,12,64,5.34
1,12,128,41.58
1,12,256,92.39
1,12,512,87.09
1,12,1024,71.53
1,12,2048,103.09
1,12,4096,141.62
1,12,8192,161.25
1,12,16384,34.55
1,12,32768,49.50
1,12,65536,135.95
1,12,131072,189.59
1,12,262144,358.43
1,12,524288,815.18
1,12,1048576,1481.01
1,16,1,3.29
1,16,2,2.89
1,16,4,22.82
1,16,8,16.46
1,16,16,2.99
1,16,32,1.25
1,16,64,2.91
1,16,128,61.19
1,16,256,60.81
1,16,512,76.99
1,16,1024,58.58
1,16,2048,123.95
1,16,4096,142.74
1,16,8192,204.87
1,16,16384,64.18
1,16,32768,73.31
1,16,65536,158.20
1,16,131072,268.24
1,16,262144,554.87
1,16,524288,1090.81
1,16,1048576,2070.15
1,24,1,115.69
1,24,2,31.36
1,24,4,10.53
1,24,8,10.21
1,24,16,11.81
1,24,32,3.65
1,24,64,21.47
1,24,128,89.72
1,24,256,108.78
1,24,512,87.15
1,24,1024,280.54
1,24,2048,152.01
1,24,4096,234.95
1,24,8192,1753.33
1,24,16384,63.33
1,24,32768,135.44
1,24,65536,201.14
1,24,131072,739.79
1,24,262144,780.84
1,24,524288,1528.42
1,24,1048576,3244.93
1,48,1,60.44
1,48,2,22.61
1,48,4,54.87
1,48,8,28.45
1,48,16,20.08
1,48,32,9.72
1,48,64,20.72
1,48,128,112.05
1,48,256,119.24
1,48,512,110.20
1,48,1024,187.01
1,48,2048,372.61
1,48,4096,355.80
1,48,8192,494.87
1,48,16384,57.38
1,48,32768,104.23
1,48,65536,169.39
1,48,131072,330.26
1,48,262144,663.90
1,48,524288,1312.06
1,48,1048576,2604.91
2,2,1,39.52
2,2,2,3.56
2,2,4,0.62
2,2,8,0.56
2,2,16,0.56
2,2,32,0.63
2,2,64,0.78
2,2,128,7.04
2,2,256,23.03
2,2,512,6.76
2,2,1024,6.72
2,2,2048,7.16
2,2,4096,20.12
2,2,8192,52.65
2,2,16384,11.87
2,2,32768,47.89
2,2,65536,16.40
2,2,131072,25.12
2,2,262144,43.35
2,2,524288,87.79
2,2,1048576,164.54
2,4,1,3.86
2,4,2,0.72
2,4,4,0.82
2,4,8,0.59
2,4,16,0.67
2,4,32,4.75
2,4,64,0.72
2,4,128,13.59
2,4,256,14.13
2,4,512,14.76
2,4,1024,14.73
2,4,2048,26.05
2,4,4096,42.87
2,4,8192,57.12
2,4,16384,16.73
2,4,32768,23.67
2,4,65536,39.31
2,4,131072,72.46
2,4,262144,99.11
2,4,524288,223.97
2,4,1048576,437.62
2,8,1,2.71
2,8,2,2.03
2,8,4,6.25
2,8,8,5.12
2,8,16,3.51
2,8,32,1.65
2,8,64,4.01
2,8,128,22.22
2,8,256,20.82
2,8,512,24.10
2,8,1024,36.13
2,8,2048,49.19
2,8,4096,62.47
2,8,8192,87.68
2,8,16384,62.06
2,8,32768,41.24
2,8,65536,68.33
2,8,131072,125.94
2,8,262144,224.85
2,8,524288,439.92
2,8,1048576,850.26
2,12,1,130.87
2,12,2,5.57
2,12,4,9.24
2,12,8,6.70
2,12,16,9.76
2,12,32,5.61
2,12,64,6.78
2,12,128,27.19
2,12,256,57.93
2,12,512,51.54
2,12,1024,72.94
2,12,2048,66.39
2,12,4096,88.27
2,12,8192,112.99
2,12,16384,43.71
2,12,32768,57.34
2,12,65536,92.09
2,12,131072,157.83
2,12,262144,287.79
2,12,524288,570.58
2,12,1048576,1121.09
2,16,1,6.33
2,16,2,2.42
2,16,4,21.60
2,16,8,18.02
2,16,16,2.59
2,16,32,12.13
2,16,64,3.28
2,16,128,37.48
2,16,256,40.66
2,16,512,43.41
2,16,1024,34.18
2,16,2048,80.51
2,16,4096,92.14
2,16,8192,151.89
2,16,16384,58.65
2,16,32768,92.82
2,16,65536,120.52
2,16,131072,229.68
2,16,262144,386.53
2,16,524288,731.50
2,16,1048576,1385.51
2,24,1,141.38
2,24,2,16.63
2,24,4,9.27
2,24,8,7.44
2,24,16,12.42
2,24,32,25.66
2,24,64,168.26
2,24,128,54.97
2,24,256,61.71
2,24,512,44.36
2,24,1024,63.06
2,24,2048,81.11
2,24,4096,137.94
2,24,8192,176.25
2,24,16384,101.98
2,24,32768,107.49
2,24,65536,171.15
2,24,131072,277.76
2,24,262144,489.47
2,24,524288,958.76
2,24,1048576,1823.17
2,48,1,1888.23
2,48,2,15.25
2,48,4,20.74
2,48,8,19.63
2,48,16,14.16
2,48,32,10.33
2,48,64,10.21
2,48,128,67.32
2,48,256,46.97
2,48,512,73.19
2,48,1024,79.26
2,48,2048,146.37
2,48,4096,140.95
2,48,8192,191.88
2,48,16384,101.34
2,48,32768,111.24
2,48,65536,168.39
2,48,131072,285.16
2,48,262144,507.19
2,48,524288,957.79
2,48,1048576,1909.76
5,2,1,1474.19
5,2,2,0.59
5,2,4,0.65
5,2,8,0.55
5,2,16,0.50
5,2,32,0.80
5,2,64,0.75
5,2,128,15.82
5,2,256,23.41
5,2,512,6.78
5,2,1024,6.85
5,2,2048,6.98
5,2,4096,31.34
5,2,8192,27.04
5,2,16384,11.65
5,2,32768,41.08
5,2,65536,16.86
5,2,131072,25.49
5,2,262144,43.04
5,2,524288,98.79
5,2,1048576,166.04
5,4,1,4.96
5,4,2,1.20
5,4,4,0.80
5,4,8,1.00
5,4,16,0.85
5,4,32,4.44
5,4,64,0.94
5,4,128,12.72
5,4,256,13.17
5,4,512,12.73
5,4,1024,13.29
5,4,2048,26.33
5,4,4096,44.16
5,4,8192,53.85
5,4,16384,22.50
5,4,32768,40.43
5,4,65536,54.11
5,4,131072,67.77
5,4,262144,118.66
5,4,524288,227.87
5,4,1048576,425.87
5,8,1,5.38
5,8,2,1.74
5,8,4,20.25
5,8,8,1.78
5,8,16,1.61
5,8,32,1.89
5,8,64,2.02
5,8,128,21.81
5,8,256,20.73
5,8,512,20.78
5,8,1024,40.17
5,8,2048,53.75
5,8,4096,63.16
5,8,8192,102.69
5,8,16384,37.61
5,8,32768,46.70
5,8,65536,76.45
5,8,131072,129.14
5,8,262144,239.66
5,8,524288,452.98
5,8,1048576,904.17
5,12,1,518.98
5,12,2,5.88
5,12,4,9.13
5,12,8,7.64
5,12,16,6.41
5,12,32,4.57
5,12,64,7.79
5,12,128,33.23
5,12,256,105.68
5,12,512,64.58
5,12,1024,55.34
5,12,2048,75.59
5,12,4096,93.72
5,12,8192,107.40
5,12,16384,47.61
5,12,32768,58.41
5,12,65536,104.55
5,12,131072,157.22
5,12,262144,294.41
5,12,524288,562.73
5,12,1048576,1123.48
5,16,1,7.34
5,16,2,3.08
5,16,4,11.35
5,16,8,16.77
5,16,16,2.55
5,16,32,3.43
5,16,64,3.38
5,16,128,36.94
5,16,256,25.82
5,16,512,39.40
5,16,1024,34.82
5,16,2048,75.21
5,16,4096,90.33
5,16,8192,124.92
5,16,16384,52.41
5,16,32768,64.01
5,16,65536,107.76
5,16,131072,190.89
5,16,262144,359.05
5,16,524288,708.91
5,16,1048576,1336.74
5,24,1,121.83
5,24,2,17.55
5,24,4,14.37
5,24,8,11.14
5,24,16,12.60
5,24,32,34.62
5,24,64,124.78
5,24,128,44.62
5,24,256,53.10
5,24,512,39.63
5,24,1024,54.21
5,24,2048,63.10
5,24,4096,475.50
5,24,8192,154.42
5,24,16384,71.06
5,24,32768,86.06
5,24,65536,139.79
5,24,131072,2845.71
5,24,262144,442.39
5,24,524288,879.31
5,24,1048576,1657.14
5,48,1,4636.26
5,48,2,234.16
5,48,4,13.12
5,48,8,18.22
5,48,16,21.22
5,48,32,10.57
5,48,64,15.22
5,48,128,50.23
5,48,256,40.85
5,48,512,61.25
5,48,1024,68.64
5,48,2048,145.32
5,48,4096,127.79
5,48,8192,168.03
5,48,16384,93.80
5,48,32768,117.13
5,48,65536,184.68
5,48,131072,353.01
5,48,262144,671.98
5,48,524288,1268.65
5,48,1048576,2423.02
0,2,1,1187.56
0,2,2,0.61
0,2,4,0.59
0,2,8,0.59
0,2,16,0.69
0,2,32,0.91
0,2,64,0.67
0,2,128,7.01
0,2,256,23.28
0,2,512,6.65
0,2,1024,6.95
0,2,2048,26.11
0,2,4096,20.14
0,2,8192,27.54
0,2,16384,61.19
0,2,32768,23.71
0,2,65536,16.46
0,2,131072,25.53
0,2,262144,45.48
0,2,524288,89.36
0,2,1048576,165.14
0,4,1,2.30
0,4,2,0.88
0,4,4,0.82
0,4,8,0.71
0,4,16,0.84
0,4,32,0.80
0,4,64,4.30
0,4,128,12.84
0,4,256,56.63
0,4,512,13.11
0,4,1024,25.86
0,4,2048,26.25
0,4,4096,50.81
0,4,8192,69.82
0,4,16384,100.29
0,4,32768,30.72
0,4,65536,44.88
0,4,131072,65.55
0,4,262144,116.04
0,4,524288,268.32
0,4,1048576,566.15
0,8,1,2.37
0,8,2,1.88
0,8,4,5.74
0,8,8,4.50
0,8,16,1.43
0,8,32,1.95
0,8,64,1.77
0,8,128,22.65
0,8,256,21.47
0,8,512,21.95
0,8,1024,32.62
0,8,2048,38.78
0,8,4096,64.60
0,8,8192,97.34
0,8,16384,37.22
0,8,32768,35.12
0,8,65536,80.74
0,8,131072,118.58
0,8,262144,246.47
0,8,524288,510.58
0,8,1048576,970.75
0,12,1,1442.02
0,12,2,5.15
0,12,4,9.95
0,12,8,8.19
0,12,16,6.14
0,12,32,4.87
0,12,64,3.55
0,12,128,26.62
0,12,256,57.01
0,12,512,38.45
0,12,1024,37.22
0,12,2048,62.13
0,12,4096,87.79
0,12,8192,122.32
0,12,16384,42.35
0,12,32768,58.12
0,12,65536,96.35
0,12,131072,183.30
0,12,262144,404.99
0,12,524288,733.40
0,12,1048576,1465.23
0,16,1,7.46
0,16,2,1.78
0,16,4,15.32
0,16,8,7.58
0,16,16,1.24
0,16,32,1.10
0,16,64,1.81
0,16,128,37.05
0,16,256,26.44
0,16,512,63.72
0,16,1024,32.91
0,16,2048,78.48
0,16,4096,83.39
0,16,8192,106.35
0,16,16384,49.66
0,16,32768,62.92
0,16,65536,106.04
0,16,131072,199.82
0,16,262144,373.48
0,16,524288,744.74
0,16,1048576,1873.29
0,24,1,119.81
0,24,2,8.37
0,24,4,9.60
0,24,8,5.94
0,24,16,10.18
0,24,32,5.38
0,24,64,40.65
0,24,128,50.45
0,24,256,67.47
0,24,512,37.72
0,24,1024,57.02
0,24,2048,65.09
0,24,4096,121.77
0,24,8192,133.41
0,24,16384,57.35
0,24,32768,86.35
0,24,65536,157.80
0,24,131072,280.38
0,24,262144,570.97
0,24,524288,1050.86
0,24,1048576,2660.06
0,48,1,1551.44
0,48,2,29.60
0,48,4,6.51
0,48,8,8.13
0,48,16,15.87
0,48,32,7.54
0,48,64,11.03
0,48,128,39.35
0,48,256,34.96
0,48,512,983.85
0,48,1024,50.79
0,48,2048,117.48
0,48,4096,88.21
0,48,8192,110.73
0,48,16384,48.11
0,48,32768,347.76
0,48,65536,118.51
0,48,131072,216.89
0,48,262144,397.62
0,48,524288,846.34
0,48,1048576,2387.72
1,2,1,33.81
1,2,2,0.51
1,2,4,2.36
1,2,8,0.45
1,2,16,0.43
1,2,32,0.74
1,2,64,0.64
1,2,128,7.14
1,2,256,23.49
1,2,512,6.84
1,2,1024,6.56
1,2,2048,6.92
1,2,4096,20.11
1,2,8192,38.75
1,2,16384,61.09
1,2,32768,23.58
1,2,65536,18.70
1,2,131072,27.57
1,2,262144,45.02
1,2,524288,109.09
1,2,1048576,165.56
1,4,1,3.31
1,4,2,0.65
1,4,4,0.64
1,4,8,0.50
1,4,16,0.54
1,4,32,4.41
1,4,64,0.49
1,4,128,14.11
1,4,256,14.46
1,4,512,14.08
1,4,1024,21.84
1,4,2048,26.47
1,4,4096,43.42
1,4,8192,57.64
1,4,16384,71.48
1,4,32768,30.87
1,4,65536,45.84
1,4,131072,64.72
1,4,262144,140.03
1,4,524288,263.98
1,4,1048576,530.54
1,8,1,31.81
1,8,2,1.96
1,8,4,8.44
1,8,8,2.32
1,8,16,1.42
1,8,32,1.98
1,8,64,2.27
1,8,128,25.30
1,8,256,28.11
1,8,512,29.46
1,8,1024,47.02
1,8,2048,60.47
1,8,4096,76.88
1,8,8192,109.20
1,8,16384,41.89
1,8,32768,41.10
1,8,65536,72.78
1,8,131072,126.41
1,8,262144,248.08
1,8,524288,567.94
1,8,1048576,1036.33
1,12,1,110.86
1,12,2,5.22
1,12,4,13.30
1,12,8,4.65
1,12,16,6.13
1,12,32,4.43
1,12,64,4.80
1,12,128,41.39
1,12,256,83.82
1,12,512,87.38
1,12,1024,71.09
1,12,2048,102.71
1,12,4096,128.33
1,12,8192,153.52
1,12,16384,44.88
1,12,32768,52.84
1,12,65536,214.43
1,12,131072,184.30
1,12,262144,479.53
1,12,524288,879.95
1,12,1048576,1462.89
1,16,1,11.76
1,16,2,2.71
1,16,4,30.58
1,16,8,16.66
1,16,16,2.94
1,16,32,1.25
1,16,64,2.99
1,16,128,63.32
1,16,256,48.42
1,16,512,78.31
1,16,1024,59.58
1,16,2048,123.16
1,16,4096,190.07
1,16,8192,208.44
1,16,16384,63.36
1,16,32768,84.06
1,16,65536,140.96
1,16,131072,301.34
1,16,262144,554.20
1,16,524288,1046.69
1,16,1048576,2121.90
1,24,1,110.21
1,24,2,26.55
1,24,4,11.98
1,24,8,12.50
1,24,16,11.16
1,24,32,10.60
1,24,64,19.63
1,24,128,87.57
1,24,256,110.63
1,24,512,90.46
1,24,1024,115.57
1,24,2048,164.57
1,24,4096,242.54
1,24,8192,322.55
1,24,16384,61.35
1,24,32768,114.52
1,24,65536,205.92
1,24,131072,408.22
1,24,262144,806.82
1,24,524288,1605.67
1,24,1048576,2977.82
1,48,1,65.56
1,48,2,27.49
1,48,4,38.01
1,48,8,28.48
1,48,16,21.44
1,48,32,10.35
1,48,64,20.97
1,48,128,135.81
1,48,256,131.69
1,48,512,126.38
1,48,1024,182.75
1,48,2048,381.40
1,48,4096,344.03
1,48,8192,520.42
1,48,16384,52.91
1,48,32768,92.51
1,48,65536,183.03
1,48,131072,323.21
1,48,262144,667.72
1,48,524288,1358.93
1,48,1048576,2581.62
2,2,1,1499.19
2,2,2,0.71
2,2,4,0.58
2,2,8,0.62
2,2,16,0.56
2,2,32,0.73
2,2,64,0.84
2,2,128,7.04
2,2,256,21.93
2,2,512,6.82
2,2,1024,6.97
2,2,2048,7.00
2,2,4096,20.07
2,2,8192,27.16
2,2,16384,11.54
2,2,32768,47.20
2,2,65536,16.51
2,2,131072,25.22
2,2,262144,42.47
2,2,524288,88.71
2,2,1048576,166.32
2,4,1,4.36
2,4,2,0.78
2,4,4,0.68
2,4,8,0.62
2,4,16,0.86
2,4,32,0.86
2,4,64,0.78
2,4,128,14.76
2,4,256,30.96
2,4,512,14.65
2,4,1024,19.65
2,4,2048,26.33
2,4,4096,47.85
2,4,8192,57.79
2,4,16384,15.83
2,4,32768,23.16
2,4,65536,40.80
2,4,131072,60.60
2,4,262144,114.47
2,4,524288,221.53
2,4,1048576,436.10
2,8,1,2.62
2,8,2,1.79
2,8,4,6.34
2,8,8,4.55
2,8,16,3.95
2,8,32,1.82
2,8,64,3.66
2,8,128,20.93
2,8,256,21.21
2,8,512,23.58
2,8,1024,35.81
2,8,2048,49.33
2,8,4096,62.37
2,8,8192,88.49
2,8,16384,38.95
2,8,32768,39.50
2,8,65536,66.33
2,8,131072,125.84
2,8,262144,225.11
2,8,524288,430.30
2,8,1048576,865.79
2,12,1,208.77
2,12,2,4.90
2,12,4,54.39
2,12,8,12.52
2,12,16,5.26
2,12,32,4.83
2,12,64,56.26
2,12,128,27.51
2,12,256,58.17
2,12,512,62.14
2,12,1024,45.74
2,12,2048,70.60
2,12,4096,97.94
2,12,8192,115.12
2,12,16384,43.43
2,12,32768,56.99
2,12,65536,95.53
2,12,131072,177.62
2,12,262144,300.18
2,12,524288,559.40
2,12,1048576,1133.70
2,16,1,5.64
2,16,2,2.55
2,16,4,14.64
2,16,8,14.03
2,16,16,2.00
2,16,32,11.41
2,16,64,3.33
2,16,128,40.20
2,16,256,41.11
2,16,512,42.90
2,16,1024,33.99
2,16,2048,79.02
2,16,4096,92.08
2,16,8192,147.80
2,16,16384,58.77
2,16,32768,86.46
2,16,65536,118.72
2,16,131072,218.63
2,16,262144,409.83
2,16,524288,735.01
2,16,1048576,1511.62
2,24,1,135.01
2,24,2,22.07
2,24,4,13.24
2,24,8,7.34
2,24,16,12.54
2,24,32,7.67
2,24,64,68.38
2,24,128,43.93
2,24,256,63.16
2,24,512,42.64
2,24,1024,66.01
2,24,2048,83.72
2,24,4096,3092.16
2,24,8192,175.28
2,24,16384,83.07
2,24,32768,99.70
2,24,65536,164.95
2,24,131072,300.08
2,24,262144,501.60
2,24,524288,925.02
2,24,1048576,1918.69
2,48,1,1558.90
2,48,2,28.14
2,48,4,22.73
2,48,8,17.54
2,48,16,14.64
2,48,32,10.32
2,48,64,11.27
2,48,128,58.81
2,48,256,46.67
2,48,512,71.74
2,48,1024,74.79
2,48,2048,153.75
2,48,4096,143.06
2,48,8192,195.40
2,48,16384,102.56
2,48,32768,113.51
2,48,65536,172.79
2,48,131072,277.91
2,48,262144,497.91
2,48,524288,955.45
2,48,1048576,1890.93
5,2,1,1441.22
5,2,2,0.65
5,2,4,0.56
5,2,8,0.67
5,2,16,0.68
5,2,32,0.81
5,2,64,0.73
5,2,128,6.73
5,2,256,23.14
5,2,512,6.61
5,2,1024,6.93
5,2,2048,7.17
5,2,4096,30.98
5,2,8192,27.05
5,2,16384,11.43
5,2,32768,41.20
5,2,65536,16.08
5,2,131072,24.66
5,2,262144,42.28
5,2,524288,79.55
5,2,1048576,165.43
5,4,1,2.94
5,4,2,0.87
5,4,4,0.84
5,4,8,0.90
5,4,16,0.79
5,4,32,0.91
5,4,64,4.54
5,4,128,12.82
5,4,256,21.16
5,4,512,13.35
5,4,1024,26.34
5,4,2048,26.74
5,4,4096,46.90
5,4,8192,54.34
5,4,16384,23.15
5,4,32768,31.00
5,4,65536,57.73
5,4,131072,66.80
5,4,262144,126.45
5,4,524288,230.33
5,4,1048576,438.16
5,8,1,4.66
5,8,2,1.74
5,8,4,21.26
5,8,8,1.60
5,8,16,1.63
5,8,32,1.88
5,8,64,1.79
5,8,128,38.04
5,8,256,21.35
5,8,512,20.91
5,8,1024,39.71
5,8,2048,52.99
5,8,4096,64.25
5,8,8192,111.70
5,8,16384,39.29
5,8,32768,43.97
5,8,65536,73.75
5,8,131072,130.93
5,8,262144,233.20
5,8,524288,437.19
5,8,1048576,894.96
5,12,1,920.04
5,12,2,5.27
5,12,4,9.18
5,12,8,7.82
5,12,16,7.44
5,12,32,4.50
5,12,64,7.99
5,12,128,34.31
5,12,256,81.06
5,12,512,63.61
5,12,1024,53.68
5,12,2048,76.62
5,12,4096,89.54
5,12,8192,107.65
5,12,16384,51.33
5,12,32768,57.70
5,12,65536,91.55
5,12,131072,206.55
5,12,262144,300.38
5,12,524288,559.16
5,12,1048576,1104.03
5,16,1,6.48
5,16,2,3.06
5,16,4,14.28
5,16,8,15.15
5,16,16,2.25
5,16,32,3.36
5,16,64,3.63
5,16,128,46.31
5,16,256,25.81
5,16,512,38.72
5,16,1024,35.97
5,16,2048,75.71
5,16,4096,90.87
5,16,8192,123.42
5,16,16384,51.49
5,16,32768,64.16
5,16,65536,117.85
5,16,131072,198.47
5,16,262144,362.26
5,16,524288,709.41
5,16,1048576,1304.65
5,24,1,120.18
5,24,2,16.74
5,24,4,8.20
5,24,8,24.21
5,24,16,6.50
5,24,32,10.85
5,24,64,241.17
5,24,128,44.08
5,24,256,52.64
5,24,512,42.04
5,24,1024,52.89
5,24,2048,65.87
5,24,4096,119.10
5,24,8192,147.77
5,24,16384,66.92
5,24,32768,85.71
5,24,65536,139.13
5,24,131072,247.13
5,24,262144,461.35
5,24,524288,868.99
5,24,1048576,1651.11
5,48,1,2441.75
5,48,2,28.59
5,48,4,11.49
5,48,8,20.34
5,48,16,22.97
5,48,32,52.09
5,48,64,13.59
5,48,128,41.74
5,48,256,41.53
5,48,512,81.74
5,48,1024,69.17
5,48,2048,147.49
5,48,4096,400.03
5,48,8192,174.31
5,48,16384,90.13
5,48,32768,124.23
5,48,65536,178.59
5,48,131072,321.61
5,48,262144,13086.48
5,48,524288,1531.81
5,48,1048576,2308.17
0,2,1,1126.37
0,2,2,0.71
0,2,4,0.72
0,2,8,0.60
0,2,16,0.60
0,2,32,0.97
0,2,64,0.73
0,2,128,7.27
0,2,256,23.32
0,2,512,6.74
0,2,1024,7.25
0,2,2048,7.08
0,2,4096,20.04
0,2,8192,27.01
0,2,16384,62.17
0,2,32768,22.61
0,2,65536,16.30
0,2,131072,25.48
0,2,262144,46.22
0,2,524288,88.53
0,2,1048576,164.48
0,4,1,5.19
0,4,2,1.08
0,4,4,0.78
0,4,8,0.75
0,4,16,0.98
0,4,32,4.14
0,4,64,0.92
0,4,128,14.00
0,4,256,18.95
0,4,512,13.27
0,4,1024,13.47
0,4,2048,27.35
0,4,4096,48.80
0,4,8192,60.14
0,4,16384,68.93
0,4,32768,30.77
0,4,65536,45.66
0,4,131072,64.44
0,4,262144,134.91
0,4,524288,263.08
0,4,1048576,558.45
0,8,1,7.75
0,8,2,1.89
0,8,4,5.92
0,8,8,4.73
0,8,16,1.51
0,8,32,2.14
0,8,64,1.59
0,8,128,20.91
0,8,256,65.08
0,8,512,21.78
0,8,1024,31.71
0,8,2048,38.78
0,8,4096,64.14
0,8,8192,94.81
0,8,16384,35.41
0,8,32768,39.28
0,8,65536,66.59
0,8,131072,117.88
0,8,262144,246.14
0,8,524288,491.07
0,8,1048576,987.46
0,12,1,469.69
0,12,2,4.24
0,12,4,9.21
0,12,8,8.42
0,12,16,6.56
0,12,32,5.26
0,12,64,3.69
0,12,128,28.23
0,12,256,56.05
0,12,512,26.95
0,12,1024,37.17
0,12,2048,60.88
0,12,4096,86.83
0,12,8192,122.35
0,12,16384,47.41
0,12,32768,57.48
0,12,65536,56.01
0,12,131072,156.21
0,12,262144,352.30
0,12,524288,693.75
0,12,1048576,1322.70
0,16,1,2.54
0,16,2,2.86
0,16,4,15.52
0,16,8,7.29
0,16,16,1.22
0,16,32,1.07
0,16,64,2.52
0,16,128,37.09
0,16,256,26.87
0,16,512,37.86
0,16,1024,33.00
0,16,2048,77.94
0,16,4096,85.07
0,16,8192,111.48
0,16,16384,47.98
0,16,32768,63.52
0,16,65536,123.13
0,16,131072,199.24
0,16,262144,388.46
0,16,524288,751.34
0,16,1048576,1732.32
0,24,1,118.32
0,24,2,8.04
0,24,4,3.25
0,24,8,5.78
0,24,16,12.08
0,24,32,3.34
0,24,64,17.34
0,24,128,39.71
0,24,256,61.74
0,24,512,37.34
0,24,1024,54.84
0,24,2048,68.37
0,24,4096,170.08
0,24,8192,132.18
0,24,16384,61.57
0,24,32768,87.14
0,24,65536,150.05
0,24,131072,550.86
0,24,262144,537.11
0,24,524288,1101.26
0,24,1048576,3497.01
0,48,1,127.90
0,48,2,33.80
0,48,4,6.97
0,48,8,8.48
0,48,16,17.89
0,48,32,8.70
0,48,64,10.96
0,48,128,38.85
0,48,256,43.04
0,48,512,45.41
0,48,1024,50.18
0,48,2048,85.67
0,48,4096,84.00
0,48,8192,109.58
0,48,16384,48.74
0,48,32768,72.94
0,48,65536,115.95
0,48,131072,234.53
0,48,262144,405.43
0,48,524288,793.14
0,48,1048576,1520.66
1,2,1,38.29
1,2,2,0.47
1,2,4,0.49
1,2,8,0.52
1,2,16,0.53
1,2,32,0.52
1,2,64,0.72
1,2,128,7.28
1,2,256,23.20
1,2,512,6.83
1,2,1024,7.29
1,2,2048,7.12
1,2,4096,19.85
1,2,8192,26.84
1,2,16384,82.97
1,2,32768,24.25
1,2,65536,17.99
1,2,131072,26.76
1,2,262144,45.23
1,2,524288,88.23
1,2,1048576,183.39
1,4,1,1.59
1,4,2,0.71
1,4,4,0.64
1,4,8,0.50
1,4,16,0.56
1,4,32,4.30
1,4,64,0.68
1,4,128,14.10
1,4,256,22.86
1,4,512,14.19
1,4,1024,14.65
1,4,2048,26.05
1,4,4096,48.89
1,4,8192,60.27
1,4,16384,72.71
1,4,32768,30.61
1,4,65536,45.24
1,4,131072,64.78
1,4,262144,135.17
1,4,524288,268.91
1,4,1048576,532.44
1,8,1,7.47
1,8,2,1.68
1,8,4,8.36
1,8,8,5.00
1,8,16,1.44
1,8,32,2.59
1,8,64,2.06
1,8,128,16.57
1,8,256,28.76
1,8,512,31.02
1,8,1024,58.31
1,8,2048,60.99
1,8,4096,78.33
1,8,8192,114.79
1,8,16384,33.68
1,8,32768,33.65
1,8,65536,65.38
1,8,131072,125.07
1,8,262144,308.07
1,8,524288,509.72
1,8,1048576,1001.10
1,12,1,127.13
1,12,2,4.82
1,12,4,13.80
1,12,8,4.33
1,12,16,5.46
1,12,32,5.85
1,12,64,5.47
1,12,128,42.91
1,12,256,84.00
1,12,512,100.67
1,12,1024,70.15
1,12,2048,109.36
1,12,4096,156.98
1,12,8192,153.33
1,12,16384,33.19
1,12,32768,60.23
1,12,65536,110.75
1,12,131072,198.94
1,12,262144,363.11
1,12,524288,774.38
1,12,1048576,1427.36
1,16,1,3.31
1,16,2,2.97
1,16,4,28.47
1,16,8,22.21
1,16,16,3.56
1,16,32,1.19
1,16,64,3.06
1,16,128,60.47
1,16,256,48.06
1,16,512,78.60
1,16,1024,58.83
1,16,2048,134.08
1,16,4096,155.35
1,16,8192,203.20
1,16,16384,52.58
1,16,32768,74.93
1,16,65536,145.46
1,16,131072,282.00
1,16,262144,555.19
1,16,524288,1078.07
1,16,1048576,2054.61
1,24,1,114.15
1,24,2,28.77
1,24,4,9.36
1,24,8,10.38
1,24,16,9.93
1,24,32,10.88
1,24,64,19.94
1,24,128,85.06
1,24,256,107.62
1,24,512,84.73
1,24,1024,113.23
1,24,2048,152.01
1,24,4096,229.84
1,24,8192,335.04
1,24,16384,66.17
1,24,32768,115.46
1,24,65536,219.32
1,24,131072,420.93
1,24,262144,811.38
1,24,524288,1591.35
1,24,1048576,2686.30
1,48,1,67.05
1,48,2,21.60
1,48,4,34.43
1,48,8,25.99
1,48,16,22.53
1,48,32,8.92
1,48,64,22.49
1,48,128,121.34
1,48,256,97.12
1,48,512,188.28
1,48,1024,190.92
1,48,2048,380.38
1,48,4096,366.23
1,48,8192,491.59
1,48,16384,63.40
1,48,32768,93.38
1,48,65536,173.39
1,48,131072,342.72
1,48,262144,671.54
1,48,524288,1287.56
1,48,1048576,2519.94
2,2,1,180.70
2,2,2,0.68
2,2,4,0.63
2,2,8,0.78
2,2,16,0.59
2,2,32,0.88
2,2,64,0.77
2,2,128,6.61
2,2,256,22.75
2,2,512,6.44
2,2,1024,6.82
2,2,2048,7.11
2,2,4096,32.41
2,2,8192,26.94
2,2,16384,11.64
2,2,32768,41.43
2,2,65536,16.56
2,2,131072,25.15
2,2,262144,42.75
2,2,524288,79.57
2,2,1048576,179.65
2,4,1,2.27
2,4,2,0.69
2,4,4,0.59
2,4,8,0.72
2,4,16,0.88
2,4,32,0.59
2,4,64,0.59
2,4,128,14.77
2,4,256,20.40
2,4,512,14.33
2,4,1024,15.12
2,4,2048,26.28
2,4,4096,42.76
2,4,8192,57.34
2,4,16384,14.34
2,4,32768,21.72
2,4,65536,41.80
2,4,131072,61.33
2,4,262144,104.94
2,4,524288,235.85
2,4,1048576,435.56
2,8,1,5.52
2,8,2,1.87
2,8,4,6.44
2,8,8,4.57
2,8,16,4.01
2,8,32,1.87
2,8,64,3.86
2,8,128,22.09
2,8,256,21.65
2,8,512,23.62
2,8,1024,37.30
2,8,2048,49.20
2,8,4096,62.30
2,8,8192,88.57
2,8,16384,37.93
2,8,32768,38.82
2,8,65536,65.89
2,8,131072,165.91
2,8,262144,227.45
2,8,524288,444.55
2,8,1048576,882.11
2,12,1,2926.64
2,12,2,4.71
2,12,4,8.80
2,12,8,7.28
2,12,16,5.16
2,12,32,4.54
2,12,64,14.15
2,12,128,26.31
2,12,256,68.57
2,12,512,51.86
2,12,1024,45.40
2,12,2048,67.95
2,12,4096,97.65
2,12,8192,106.74
2,12,16384,43.78
2,12,32768,55.64
2,12,65536,94.43
2,12,131072,161.38
2,12,262144,303.77
2,12,524288,546.86
2,12,1048576,1109.53
2,16,1,7.06
2,16,2,2.71
2,16,4,15.03
2,16,8,25.73
2,16,16,2.03
2,16,32,7.30
2,16,64,3.15
2,16,128,34.45
2,16,256,42.68
2,16,512,45.15
2,16,1024,34.29
2,16,2048,78.88
2,16,4096,104.41
2,16,8192,123.79
2,16,16384,59.55
2,16,32768,85.65
2,16,65536,119.42
2,16,131072,224.03
2,16,262144,383.53
2,16,524288,730.02
2,16,1048576,1481.97
2,24,1,1040.31
2,24,2,27.82
2,24,4,8.35
2,24,8,6.65
2,24,16,11.09
2,24,32,8.20
2,24,64,115.94
2,24,128,1319.02
2,24,256,68.69
2,24,512,43.87
2,24,1024,65.45
2,24,2048,83.96
2,24,4096,354.87
2,24,8192,173.45
2,24,16384,86.68
2,24,32768,1891.81
2,24,65536,156.92
2,24,131072,266.72
2,24,262144,558.20
2,24,524288,964.04
2,24,1048576,1910.55
2,48,1,2350.07
2,48,2,12.31
2,48,4,43.17
2,48,8,20.44
2,48,16,14.95
2,48,32,9.41
2,48,64,10.67
2,48,128,53.18
2,48,256,49.27
2,48,512,100.98
2,48,1024,74.81
2,48,2048,146.15
2,48,4096,140.56
2,48,8192,192.46
2,48,16384,102.03
2,48,32768,111.50
2,48,65536,166.95
2,48,131072,284.40
2,48,262144,500.34
2,48,524288,960.88
2,48,1048576,1900.15
5,2,1,1480.57
5,2,2,0.62
5,2,4,0.55
5,2,8,0.51
5,2,16,0.65
5,2,32,0.69
5,2,64,0.67
5,2,128,20.36
5,2,256,23.49
5,2,512,6.43
5,2,1024,7.04
5,2,2048,7.09
5,2,4096,31.45
5,2,8192,27.22
5,2,16384,11.16
5,2,32768,41.64
5,2,65536,16.67
5,2,131072,25.20
5,2,262144,42.92
5,2,524288,93.98
5,2,1048576,163.10
5,4,1,4.39
5,4,2,1.02
5,4,4,0.86
5,4,8,0.69
5,4,16,0.78
5,4,32,0.80
5,4,64,4.46
5,4,128,13.30
5,4,256,28.79
5,4,512,13.23
5,4,1024,26.26
5,4,2048,26.75
5,4,4096,45.51
5,4,8192,53.90
5,4,16384,23.11
5,4,32768,30.81
5,4,65536,50.39
5,4,131072,66.19
5,4,262144,133.03
5,4,524288,236.55
5,4,1048576,417.57
5,8,1,5.52
5,8,2,1.64
5,8,4,6.26
5,8,8,1.98
5,8,16,1.55
5,8,32,1.97
5,8,64,1.66
5,8,128,21.97
5,8,256,39.33
5,8,512,20.66
5,8,1024,40.51
5,8,2048,53.25
5,8,4096,76.04
5,8,8192,98.36
5,8,16384,39.08
5,8,32768,43.18
5,8,65536,75.28
5,8,131072,129.38
5,8,262144,243.32
5,8,524288,446.75
5,8,1048576,877.36
5,12,1,2754.49
5,12,2,5.65
5,12,4,9.38
5,12,8,7.38
5,12,16,6.15
5,12,32,4.58
5,12,64,8.00
5,12,128,32.30
5,12,256,72.42
5,12,512,64.37
5,12,1024,55.59
5,12,2048,96.91
5,12,4096,89.13
5,12,8192,107.35
5,12,16384,47.58
5,12,32768,65.51
5,12,65536,92.81
5,12,131072,157.05
5,12,262144,288.72
5,12,524288,554.11
5,12,1048576,1106.98
5,16,1,5.38
5,16,2,2.91
5,16,4,17.39
5,16,8,15.84
5,16,16,2.26
5,16,32,2.96
5,16,64,2.78
5,16,128,36.14
5,16,256,26.64
5,16,512,39.35
5,16,1024,35.93
5,16,2048,86.69
5,16,4096,91.73
5,16,8192,134.02
5,16,16384,51.48
5,16,32768,62.65
5,16,65536,106.70
5,16,131072,203.51
5,16,262144,366.37
5,16,524288,701.58
5,16,1048576,1340.65
5,24,1,230.35
5,24,2,22.44
5,24,4,8.28
5,24,8,11.97
5,24,16,35.28
5,24,32,14.78
5,24,64,419.76
5,24,128,40.87
5,24,256,69.89
5,24,512,39.96
5,24,1024,53.63
5,24,2048,69.60
5,24,4096,120.01
5,24,8192,158.68
5,24,16384,70.67
5,24,32768,99.36
5,24,65536,136.88
5,24,131072,245.44
5,24,262144,463.33
5,24,524288,864.67
5,24,1048576,1643.08
5,48,1,5088.77
5,48,2,21.18
5,48,4,13.07
5,48,8,23.26
5,48,16,49.63
5,48,32,9.34
5,48,64,266.70
5,48,128,210.17
5,48,256,37.21
5,48,512,63.76
5,48,1024,60.66
5,48,2048,123.87
5,48,4096,141.48
5,48,8192,186.46
5,48,16384,94.72
5,48,32768,128.99
5,48,65536,180.46
5,48,131072,472.93
5,48,262144,1960.55
5,48,524288,1294.71
5,48,1048576,3078.49
0,2,1,569.92
0,2,2,0.63
0,2,4,2.63
0,2,8,0.64
0,2,16,0.64
0,2,32,0.84
0,2,64,0.73
0,2,128,6.74
0,2,256,22.96
0,2,512,6.90
0,2,1024,7.01
0,2,2048,7.15
0,2,4096,31.47
0,2,8192,38.57
0,2,16384,18.48
0,2,32768,15.51
0,2,65536,16.44
0,2,131072,25.28
0,2,262144,45.76
0,2,524288,81.96
0,2,1048576,178.95
0,4,1,2.59
0,4,2,0.93
0,4,4,1.01
0,4,8,0.81
0,4,16,0.83
0,4,32,0.79
0,4,64,4.52
0,4,128,13.79
0,4,256,28.34
0,4,512,13.33
0,4,1024,20.51
0,4,2048,26.06
0,4,4096,45.60
0,4,8192,71.27
0,4,16384,59.44
0,4,32768,30.99
0,4,65536,44.76
0,4,131072,64.46
0,4,262144,114.63
0,4,524288,265.50
0,4,1048576,568.02
0,8,1,4.14
0,8,2,1.78
0,8,4,5.65
0,8,8,3.97
0,8,16,1.47
0,8,32,2.12
0,8,64,1.63
0,8,128,22.87
0,8,256,21.76
0,8,512,22.05
0,8,1024,32.03
0,8,2048,38.34
0,8,4096,66.02
0,8,8192,96.89
0,8,16384,39.13
0,8,32768,38.49
0,8,65536,64.45
0,8,131072,123.15
0,8,262144,255.29
0,8,524288,507.15
0,8,1048576,992.90
0,12,1,1762.74
0,12,2,4.53
0,12,4,9.18
0,12,8,8.13
0,12,16,5.60
0,12,32,4.71
0,12,64,3.79
0,12,128,26.80
0,12,256,69.68
0,12,512,38.10
0,12,1024,37.03
0,12,2048,61.83
0,12,4096,131.86
0,12,8192,106.96
0,12,16384,40.27
0,12,32768,69.81
0,12,65536,98.47
0,12,131072,184.96
0,12,262144,367.05
0,12,524288,745.57
0,12,1048576,1458.79
0,16,1,2.55
0,16,2,2.58
0,16,4,14.79
0,16,8,12.36
0,16,16,1.19
0,16,32,1.06
0,16,64,2.33
0,16,128,37.71
0,16,256,26.57
0,16,512,41.00
0,16,1024,33.55
0,16,2048,88.39
0,16,4096,83.58
0,16,8192,109.52
0,16,16384,46.47
0,16,32768,63.44
0,16,65536,108.23
0,16,131072,199.92
0,16,262144,390.93
0,16,524288,736.39
0,16,1048576,1783.14
0,24,1,203.62
0,24,2,8.89
0,24,4,6.15
0,24,8,5.01
0,24,16,10.95
0,24,32,2.47
0,24,64,34.91
0,24,128,49.23
0,24,256,65.83
0,24,512,38.07
0,24,1024,57.38
0,24,2048,66.11
0,24,4096,116.76
0,24,8192,130.71
0,24,16384,10706.97
0,24,32768,86.66
0,24,65536,176.38
0,24,131072,639.36
0,24,262144,539.43
0,24,524288,1085.65
0,24,1048576,3098.69
0,48,1,1702.70
0,48,2,30.55
0,48,4,7.41
0,48,8,8.31
0,48,16,37.60
0,48,32,8.74
0,48,64,18.82
0,48,128,36.16
0,48,256,35.46
0,48,512,46.36
0,48,1024,49.94
0,48,2048,84.89
0,48,4096,83.79
0,48,8192,110.54
0,48,16384,50.11
0,48,32768,68.45
0,48,65536,121.36
0,48,131072,220.46
0,48,262144,429.94
0,48,524288,753.42
0,48,1048576,1479.20
1,2,1,1586.57
1,2,2,0.64
1,2,4,0.49
1,2,8,0.49
1,2,16,0.50
1,2,32,0.59
1,2,64,0.64
1,2,128,6.92
1,2,256,23.41
1,2,512,6.48
1,2,1024,6.86
1,2,2048,24.12
1,2,4096,20.00
1,2,8192,27.04
1,2,16384,60.59
1,2,32768,23.77
1,2,65536,17.74
1,2,131072,27.41
1,2,262144,45.09
1,2,524288,88.86
1,2,1048576,165.35
1,4,1,1.81
1,4,2,0.76
1,4,4,0.60
1,4,8,0.53
1,4,16,0.57
1,4,32,5.99
1,4,64,0.84
1,4,128,14.09
1,4,256,14.68
1,4,512,14.41
1,4,1024,14.97
1,4,2048,25.84
1,4,4096,44.09
1,4,8192,69.98
1,4,16384,41.33
1,4,32768,31.02
1,4,65536,45.08
1,4,131072,64.65
1,4,262144,140.09
1,4,524288,264.83
1,4,1048576,550.32
1,8,1,2.56
1,8,2,1.57
1,8,4,8.25
1,8,8,1.80
1,8,16,1.34
1,8,32,2.37
1,8,64,2.03
1,8,128,26.69
1,8,256,28.24
1,8,512,30.63
1,8,1024,47.87
1,8,2048,60.24
1,8,4096,85.29
1,8,8192,108.68
1,8,16384,38.71
1,8,32768,42.07
1,8,65536,73.57
1,8,131072,121.40
1,8,262144,240.24
1,8,524288,499.98
1,8,1048576,987.33
1,12,1,121.57
1,12,2,14.41
1,12,4,13.55
1,12,8,6.79
1,12,16,7.51
1,12,32,5.35
1,12,64,4.75
1,12,128,56.51
1,12,256,85.33
1,12,512,88.21
1,12,1024,72.45
1,12,2048,110.06
1,12,4096,151.30
1,12,8192,153.36
1,12,16384,32.66
1,12,32768,50.77
1,12,65536,111.61
1,12,131072,198.33
1,12,262144,361.71
1,12,524288,801.50
1,12,1048576,1520.67
1,16,1,18.96
1,16,2,2.61
1,16,4,22.97
1,16,8,16.85
1,16,16,2.92
1,16,32,1.33
1,16,64,3.22
1,16,128,60.91
1,16,256,61.89
1,16,512,80.62
1,16,1024,58.19
1,16,2048,125.03
1,16,4096,170.50
1,16,8192,204.78
1,16,16384,56.49
1,16,32768,71.86
1,16,65536,170.80
1,16,131072,264.85
1,16,262144,524.48
1,16,524288,1092.67
1,16,1048576,2067.28
1,24,1,113.81
1,24,2,39.74
1,24,4,5.93
1,24,8,7.53
1,24,16,11.71
1,24,32,4.34
1,24,64,12.96
1,24,128,99.64
1,24,256,111.56
1,24,512,93.64
1,24,1024,115.05
1,24,2048,158.68
1,24,4096,236.11
1,24,8192,368.15
1,24,16384,85.69
1,24,32768,109.02
1,24,65536,232.94
1,24,131072,438.26
1,24,262144,785.19
1,24,524288,1523.58
1,24,1048576,2955.23
1,48,1,65.48
1,48,2,27.98
1,48,4,32.21
1,48,8,21.94
1,48,16,19.88
1,48,32,9.68
1,48,64,23.02
1,48,128,120.47
1,48,256,121.16
1,48,512,178.64
1,48,1024,182.81
1,48,2048,379.26
1,48,4096,379.89
1,48,8192,497.71
1,48,16384,71.66
1,48,32768,90.41
1,48,65536,169.72
1,48,131072,335.99
1,48,262144,652.47
1,48,524288,1301.68
1,48,1048576,2764.61
2,2,1,8.26
2,2,2,0.77
2,2,4,0.63
2,2,8,0.62
2,2,16,0.66
2,2,32,0.69
2,2,64,0.73
2,2,128,7.76
2,2,256,22.13
2,2,512,6.60
2,2,1024,6.75
2,2,2048,7.02
2,2,4096,20.18
2,2,8192,26.80
2,2,16384,12.96
2,2,32768,58.32
2,2,65536,16.93
2,2,131072,25.12
2,2,262144,42.71
2,2,524288,88.32
2,2,1048576,179.17
2,4,1,2.98
2,4,2,0.74
2,4,4,0.73
2,4,8,0.61
2,4,16,0.59
2,4,32,6.40
2,4,64,0.79
2,4,128,15.05
2,4,256,20.51
2,4,512,14.69
2,4,1024,14.97
2,4,2048,26.38
2,4,4096,46.68
2,4,8192,60.15
2,4,16384,15.66
2,4,32768,23.31
2,4,65536,40.63
2,4,131072,60.85
2,4,262144,102.15
2,4,524288,229.96
2,4,1048576,441.01
2,8,1,2.40
2,8,2,1.82
2,8,4,5.94
2,8,8,4.80
2,8,16,3.97
2,8,32,1.96
2,8,64,3.34
2,8,128,22.04
2,8,256,21.10
2,8,512,24.76
2,8,1024,35.87
2,8,2048,49.93
2,8,4096,67.33
2,8,8192,87.95
2,8,16384,38.73
2,8,32768,41.15
2,8,65536,70.50
2,8,131072,128.62
2,8,262144,235.07
2,8,524288,510.69
2,8,1048576,835.78
2,12,1,319.39
2,12,2,5.82
2,12,4,9.12
2,12,8,7.16
2,12,16,9.58
2,12,32,5.22
2,12,64,6.54
2,12,128,27.03
2,12,256,58.78
2,12,512,52.36
2,12,1024,46.62
2,12,2048,68.71
2,12,4096,107.30
2,12,8192,107.48
2,12,16384,44.39
2,12,32768,56.52
2,12,65536,93.65
2,12,131072,159.77
2,12,262144,304.00
2,12,524288,554.51
2,12,1048576,1124.30
2,16,1,6.88
2,16,2,2.38
2,16,4,16.71
2,16,8,13.99
2,16,16,2.39
2,16,32,17.10
2,16,64,3.22
2,16,128,35.43
2,16,256,27.30
2,16,512,43.38
2,16,1024,33.67
2,16,2048,78.88
2,16,4096,93.37
2,16,8192,134.09
2,16,16384,60.05
2,16,32768,73.41
2,16,65536,120.49
2,16,131072,211.71
2,16,262144,410.05
2,16,524288,762.23
2,16,1048576,1481.80
2,24,1,179.53
2,24,2,125.85
2,24,4,16.20
2,24,8,6.21
2,24,16,10.54
2,24,32,6.34
2,24,64,223.85
2,24,128,43.80
2,24,256,66.22
2,24,512,43.13
2,24,1024,63.53
2,24,2048,82.03
2,24,4096,138.51
2,24,8192,173.76
2,24,16384,92.55
2,24,32768,110.34
2,24,65536,167.29
2,24,131072,275.31
2,24,262144,509.99
2,24,524288,922.37
2,24,1048576,1853.87
2,48,1,2370.78
2,48,2,12.44
2,48,4,17.50
2,48,8,16.86
2,48,16,23.29
2,48,32,10.46
2,48,64,10.62
2,48,128,51.75
2,48,256,46.45
2,48,512,62.83
2,48,1024,74.22
2,48,2048,149.40
2,48,4096,147.47
2,48,8192,195.29
2,48,16384,103.79
2,48,32768,110.91
2,48,65536,170.46
2,48,131072,282.34
2,48,262144,502.37
2,48,524288,952.13
2,48,1048576,1906.53
5,2,1,8.91
5,2,2,0.69
5,2,4,0.62
5,2,8,0.60
5,2,16,0.54
5,2,32,0.68
5,2,64,0.71
5,2,128,7.24
5,2,256,22.45
5,2,512,6.52
5,2,1024,6.83
5,2,2048,7.18
5,2,4096,19.97
5,2,8192,27.00
5,2,16384,12.19
5,2,32768,49.23
5,2,65536,16.35
5,2,131072,24.83
5,2,262144,42.86
5,2,524288,87.89
5,2,1048576,193.94
5,4,1,2.42
5,4,2,0.82
5,4,4,0.86
5,4,8,0.77
5,4,16,0.75
5,4,32,4.63
5,4,64,4.39
5,4,128,13.37
5,4,256,20.36
5,4,512,13.04
5,4,1024,20.25
5,4,2048,26.71
5,4,4096,39.63
5,4,8192,72.42
5,4,16384,21.89
5,4,32768,39.13
5,4,65536,46.78
5,4,131072,65.54
5,4,262144,110.92
5,4,524288,231.25
5,4,1048576,416.10
5,8,1,3.00
5,8,2,1.77
5,8,4,19.22
5,8,8,2.04
5,8,16,1.58
5,8,32,1.91
5,8,64,2.24
5,8,128,21.59
5,8,256,20.68
5,8,512,20.95
5,8,1024,40.18
5,8,2048,53.66
5,8,4096,77.03
5,8,8192,115.65
5,8,16384,40.33
5,8,32768,45.83
5,8,65536,73.81
5,8,131072,138.69
5,8,262144,231.40
5,8,524288,444.45
5,8,1048576,886.21
5,12,1,322.68
5,12,2,4.87
5,12,4,9.19
5,12,8,4.21
5,12,16,7.38
5,12,32,4.47
5,12,64,22.97
5,12,128,32.86
5,12,256,70.10
5,12,512,76.24
5,12,1024,54.75
5,12,2048,71.07
5,12,4096,87.23
5,12,8192,108.28
5,12,16384,49.86
5,12,32768,57.20
5,12,65536,93.55
5,12,131072,156.44
5,12,262144,290.26
5,12,524288,559.32
5,12,1048576,1120.59
5,16,1,4.82
5,16,2,3.25
5,16,4,8.60
5,16,8,14.63
5,16,16,2.35
5,16,32,3.09
5,16,64,3.40
5,16,128,36.76
5,16,256,26.01
5,16,512,38.26
5,16,1024,35.63
5,16,2048,80.31
5,16,4096,91.81
5,16,8192,165.70
5,16,16384,53.70
5,16,32768,65.86
5,16,65536,107.53
5,16,131072,205.04
5,16,262144,366.36
5,16,524288,687.51
5,16,1048576,1372.64
5,24,1,123.76
5,24,2,18.26
5,24,4,7.33
5,24,8,11.67
5,24,16,11.90
5,24,32,7.17
5,24,64,216.60
5,24,128,45.92
5,24,256,52.94
5,24,512,40.35
5,24,1024,53.45
5,24,2048,65.03
5,24,4096,119.42
5,24,8192,159.86
5,24,16384,67.23
5,24,32768,87.99
5,24,65536,138.61
5,24,131072,246.55
5,24,262144,467.12
5,24,524288,865.37
5,24,1048576,1658.46
5,48,1,4624.06
5,48,2,28.66
5,48,4,12.19
5,48,8,9.08
5,48,16,23.97
5,48,32,8.90
5,48,64,11.93
5,48,128,48.18
5,48,256,40.45
5,48,512,63.44
5,48,1024,60.28
5,48,2048,138.54
5,48,4096,126.82
5,48,8192,175.47
5,48,16384,92.93
5,48,32768,126.37
5,48,65536,195.68
5,48,131072,345.70
5,48,262144,640.13
5,48,524288,1248.40
5,48,1048576,2421.46
